created_at,iteration,genome_id,objective_name,objective_version,hit_first_objective_score,match_quality_score,temporal_segment_match_score_min,temporal_segment_match_score_median,diversity_quality_score,average_max_main_match,draw_main4_plus_rate_percent,draw_main5_plus_count,draw_main6_plus_count,average_portfolio_unique_numbers,mean_ticket_pair_overlap,payout_roi_percent,profit,top1_payout_share,best_hit_first_objective_score
2026-07-22T08:39:39.580750+00:00,1,g001_0001_1084,hit_first_temporal_robustness,loto7-hit-first-2026.07.22-v1,11.819959,9.18033,8.555555,8.967388,36.331968,1.704918,2.186,0,0,9.754098,5.70765,11.148,-243900,0.173203,17.586701
2026-07-22T08:45:26.138328+00:00,2,g002_0002_8169,hit_first_temporal_robustness,loto7-hit-first-2026.07.22-v1,12.58597,9.945335,9.02174,9.886468,37.161199,1.803279,2.732,1,0,9.928962,5.678689,14.208,-235500,0.284615,17.586701
2026-07-22T08:46:53.204076+00:00,3,g003_0034_9267,hit_first_temporal_robustness,loto7-hit-first-2026.07.22-v1,12.060502,9.48086,9.021735,9.341783,35.811471,1.73224,2.732,0,0,9.721311,5.761749,12.787,-239400,0.159544,17.586701
2026-07-22T09:35:24.609723+00:00,4,g004_0044_4999,hit_first_temporal_robustness,loto7-hit-first-2026.07.22-v1,15.381085,11.420745,9.782605,11.467382,52.278693,1.967213,4.918,1,0,12.131148,4.69071,13.77,-236700,0.28836,17.586701
2026-07-22T09:37:45.455072+00:00,5,g005_0005_6579,hit_first_temporal_robustness,loto7-hit-first-2026.07.22-v1,12.178972,9.535505,9.021735,9.286225,36.680327,1.743169,2.732,0,0,9.868852,5.714754,12.459,-240300,0.146199,17.586701
2026-07-22T13:30:45.000510+00:00,6,g006_0062_6613,hit_first_temporal_robustness,loto7-hit-first-2026.07.22-v1,13.121002,10.57376,8.913045,10.700488,37.222674,1.819672,4.918,0,0,9.978142,5.693443,14.9,-233600,0.136919,17.586701
2026-07-22T13:30:49.839454+00:00,7,g007_0007_4546,hit_first_temporal_robustness,loto7-hit-first-2026.07.22-v1,14.785324,11.229505,10.22221,11.358685,47.43852,1.896175,5.464,1,0,11.229508,4.915301,15.082,-233100,0.147343,17.586701
2026-07-22T13:42:21.743759+00:00,8,g008_0008_2160,hit_first_temporal_robustness,loto7-hit-first-2026.07.22-v1,12.47789,9.836055,9.239125,9.559172,37.064206,1.737705,3.825,0,0,9.907104,5.681421,11.548,-242800,0.157729,17.586701
2026-07-22T13:42:49.215829+00:00,9,g009_0009_9899,hit_first_temporal_robustness,loto7-hit-first-2026.07.22-v1,15.09211,11.475405,10.65217,11.257233,48.562846,1.945355,5.464,1,0,11.519126,4.900546,16.794,-228400,0.106291,17.586701
2026-07-22T13:42:57.638447+00:00,10,g010_0103_7786,hit_first_temporal_robustness,loto7-hit-first-2026.07.22-v1,12.138925,9.426215,9.13043,9.23067,37.024594,1.721311,2.732,0,0,9.803279,5.638251,8.707,-250600,0.167364,17.586701
2026-07-22T13:46:21.354690+00:00,11,g011_0112_9220,hit_first_temporal_robustness,loto7-hit-first-2026.07.22-v1,15.201652,11.17487,10.55555,11.30434,51.782784,1.972678,4.372,0,0,12.065574,4.72623,12.168,-241100,0.10479,17.586701
2026-07-22T13:51:37.766991+00:00,12,g012_0012_7284,hit_first_temporal_robustness,loto7-hit-first-2026.07.22-v1,15.257003,11.28415,10.111105,11.413035,51.79645,1.972678,4.372,1,0,12.076503,4.729508,14.718,-234100,0.306931,17.586701
2026-07-22T13:51:46.324285+00:00,13,g013_0013_2044,hit_first_temporal_robustness,loto7-hit-first-2026.07.22-v1,13.090591,10.546455,9.565215,10.490327,36.840164,1.781421,5.464,0,0,9.901639,5.708743,15.301,-232500,0.121429,17.586701
2026-07-22T13:52:34.543739+00:00,14,g014_0014_6134,hit_first_temporal_robustness,loto7-hit-first-2026.07.22-v1,17.368394,12.21312,11.52173,12.033805,64.534154,2.114754,5.464,0,0,13.961749,3.910929,14.536,-234600,0.095238,17.586701
2026-07-22T13:53:02.255727+00:00,15,g015_0015_2576,hit_first_temporal_robustness,loto7-hit-first-2026.07.22-v1,17.28133,12.18579,10.22222,12.663045,64.139342,2.087432,5.464,1,0,13.819672,3.897268,16.211,-230000,0.244944,17.586701
2026-07-22T13:53:50.489791+00:00,16,g016_0162_9569,hit_first_temporal_robustness,loto7-hit-first-2026.07.22-v1,18.028437,12.923505,11.222215,13.043477,65.189893,2.147541,6.557,2,0,14.092896,3.884699,18.689,-223200,0.212476,18.028437
2026-07-22T13:53:55.285177+00:00,17,g017_0174_9211,hit_first_temporal_robustness,loto7-hit-first-2026.07.22-v1,12.25291,9.726765,8.26087,10.055545,35.766394,1.715847,3.825,0,0,9.639344,5.729508,12.058,-241400,0.169184,18.028437
2026-07-22T13:54:10.697138+00:00,18,g018_0184_5199,hit_first_temporal_robustness,loto7-hit-first-2026.07.22-v1,17.659839,12.732235,10.66666,12.98913,63.352457,2.076503,7.104,2,0,13.508197,3.856831,16.175,-230100,0.15991,18.028437
2026-07-22T13:56:20.517819+00:00,19,g019_0019_4555,hit_first_temporal_robustness,loto7-hit-first-2026.07.22-v1,15.006445,11.284135,10.111105,11.413035,49.290982,1.939891,4.918,1,0,11.639344,4.859563,15.847,-231000,0.181609,18.028437
2026-07-22T13:57:40.708320+00:00,20,g020_0204_8625,hit_first_temporal_robustness,loto7-hit-first-2026.07.22-v1,12.527375,9.863375,8.666665,9.945645,37.362024,1.743169,3.825,0,0,9.978142,5.674863,12.495,-240200,0.145773,18.028437
2026-07-22T13:58:28.520030+00:00,21,g021_0021_9532,hit_first_temporal_robustness,loto7-hit-first-2026.07.22-v1,15.684458,11.994535,10.999985,11.739123,49.995902,1.983607,6.557,1,0,11.770492,4.826776,15.774,-231200,0.182448,18.028437
2026-07-22T14:09:56.184250+00:00,22,g022_0224_7328,hit_first_temporal_robustness,loto7-hit-first-2026.07.22-v1,12.186189,9.64481,8.804345,9.664245,35.707651,1.73224,3.279,0,0,9.726776,5.778142,12.641,-239800,0.144092,18.028437
2026-07-22T14:10:23.380642+00:00,23,g023_0023_4884,hit_first_temporal_robustness,loto7-hit-first-2026.07.22-v1,17.160182,12.07651,10.77777,12.2826,63.704914,2.087432,5.464,0,0,13.721311,3.90929,14.754,-234000,0.074074,18.028437
2026-07-22T14:11:42.561331+00:00,24,g024_0024_8199,hit_first_temporal_robustness,loto7-hit-first-2026.07.22-v1,14.377343,10.273215,9.8913,10.056757,51.87978,1.901639,2.186,1,0,12.054645,4.708197,12.714,-239600,0.312321,18.028437
2026-07-22T14:11:47.330184+00:00,25,g025_0252_6484,hit_first_temporal_robustness,loto7-hit-first-2026.07.22-v1,16.440575,11.967195,11.52173,11.864722,57.18033,2.076503,4.918,1,0,12.0,3.975956,12.277,-240800,0.210682,18.028437
2026-07-22T14:13:06.840036+00:00,26,g026_0026_8708,hit_first_temporal_robustness,loto7-hit-first-2026.07.22-v1,12.793967,10.19126,8.999995,10.32608,37.00956,1.775956,4.372,0,0,9.896175,5.683607,13.515,-237400,0.150943,18.028437
2026-07-22T14:13:54.076198+00:00,27,g027_0274_9284,hit_first_temporal_robustness,loto7-hit-first-2026.07.22-v1,17.078131,11.80327,9.88889,12.282597,65.508196,2.065574,4.918,0,0,14.114754,3.852459,11.512,-242900,0.110759,18.028437
2026-07-22T14:14:09.284588+00:00,28,g028_0284_9104,hit_first_temporal_robustness,loto7-hit-first-2026.07.22-v1,17.834341,12.89616,11.777765,13.04348,62.995903,2.131148,7.104,1,0,13.491803,3.896721,14.463,-234800,0.151134,18.028437
2026-07-22T14:16:17.745304+00:00,29,g029_0029_7323,hit_first_temporal_robustness,loto7-hit-first-2026.07.22-v1,15.099115,11.420745,10.55555,10.978252,49.427597,1.967213,4.918,1,0,11.699454,4.869399,16.976,-227900,0.240343,18.028437
2026-07-22T14:17:04.813196+00:00,30,g030_0302_6777,hit_first_temporal_robustness,loto7-hit-first-2026.07.22-v1,12.23477,9.508185,8.586955,9.723422,37.252731,1.737705,2.732,0,0,9.939891,5.671585,10.565,-245500,0.137931,18.028437
2026-07-22T14:17:13.127293+00:00,31,g031_0031_5612,hit_first_temporal_robustness,loto7-hit-first-2026.07.22-v1,15.285454,11.721305,10.10869,11.585735,48.815575,1.939891,6.011,2,0,11.47541,4.846448,16.321,-229700,0.154018,18.028437
2026-07-22T14:17:40.269056+00:00,32,g032_0032_3258,hit_first_temporal_robustness,loto7-hit-first-2026.07.22-v1,14.897623,11.202175,10.543475,11.039842,48.878418,1.945355,4.918,0,0,11.601093,4.896721,16.393,-229500,0.097778,18.028437
2026-07-22T15:02:05.456519+00:00,33,g033_0033_1936,hit_first_temporal_robustness,loto7-hit-first-2026.07.22-v1,17.684094,12.21311,10.978255,12.13767,68.001365,2.092896,5.464,1,0,14.68306,3.785246,14.863,-233700,0.267157,18.028437
2026-07-22T15:02:33.206564+00:00,34,g034_0342_3813,hit_first_temporal_robustness,loto7-hit-first-2026.07.22-v1,12.087232,9.207655,8.69565,9.233087,38.382511,1.710383,2.186,0,0,10.092896,5.59235,10.091,-246800,0.191336,18.028437
2026-07-22T15:35:45.662428+00:00,35,g035_0354_3438,hit_first_temporal_robustness,loto7-hit-first-2026.07.22-v1,12.747808,10.16394,8.586955,10.107477,37.331968,1.770492,4.372,0,0,10.016393,5.696721,15.592,-231700,0.130841,18.028437
2026-07-22T18:49:38.115973+00:00,36,g036_0364_9111,hit_first_temporal_robustness,loto7-hit-first-2026.07.22-v1,15.439441,11.83061,10.888875,11.84783,48.65164,1.972678,6.557,0,0,11.47541,4.868306,15.228,-232700,0.100478,18.028437
2026-07-22T18:50:11.219672+00:00,37,g037_0037_6960,hit_first_temporal_robustness,loto7-hit-first-2026.07.22-v1,15.235417,11.42076,10.55555,11.467377,50.203553,1.934426,5.464,1,0,11.759563,4.793989,16.248,-229900,0.136771,18.028437
2026-07-22T18:50:44.068776+00:00,38,g038_0383_8729,hit_first_temporal_robustness,loto7-hit-first-2026.07.22-v1,12.043169,9.42623,9.239125,9.39613,35.781422,1.754098,2.186,0,0,9.743169,5.775956,11.694,-242400,0.155763,18.028437
2026-07-22T18:50:49.779433+00:00,39,g039_0394_1889,hit_first_temporal_robustness,loto7-hit-first-2026.07.22-v1,17.14373,12.73224,12.333345,12.77174,57.118852,2.065574,7.65,1,0,12.0,3.984153,16.612,-228900,0.155702,18.028437
2026-07-22T19:18:15.181900+00:00,40,g040_0040_6367,hit_first_temporal_robustness,loto7-hit-first-2026.07.22-v1,14.760037,10.81966,9.8913,10.599028,51.230874,1.934426,3.825,0,0,12.010929,4.774317,11.22,-243700,0.123377,18.028437
2026-07-22T19:18:25.199685+00:00,41,g041_0412_9616,hit_first_temporal_robustness,loto7-hit-first-2026.07.22-v1,16.90944,12.13114,11.086955,12.135265,60.744534,2.065574,6.011,0,0,12.907104,3.924044,14.098,-235800,0.103359,18.028437
2026-07-22T19:18:57.488745+00:00,42,g042_0042_7598,hit_first_temporal_robustness,loto7-hit-first-2026.07.22-v1,15.186402,11.448085,9.333335,11.902175,49.978146,1.939891,5.464,1,0,11.677596,4.785792,17.195,-227300,0.262712,18.028437
2026-07-22T19:19:29.829923+00:00,43,g043_0043_8821,hit_first_temporal_robustness,loto7-hit-first-2026.07.22-v1,18.056869,13.03277,11.333325,13.423927,64.163931,2.15847,7.104,1,0,13.852459,3.90929,19.126,-222000,0.114286,18.056869
2026-07-22T19:20:25.912656+00:00,44,g044_0441_1977,hit_first_temporal_robustness,loto7-hit-first-2026.07.22-v1,18.215769,13.114735,12.391295,13.019337,64.818302,2.174863,7.104,1,0,14.005464,3.893443,19.599,-220700,0.154275,18.215769
2026-07-22T19:20:31.614678+00:00,45,g045_0045_6831,hit_first_temporal_robustness,loto7-hit-first-2026.07.22-v1,16.555263,12.13114,10.88888,12.282597,57.184425,2.065574,6.011,0,0,12.0,3.97541,13.916,-236300,0.120419,18.215769
2026-07-22T19:20:37.278749+00:00,46,g046_0464_1243,hit_first_temporal_robustness,loto7-hit-first-2026.07.22-v1,16.441365,11.994515,10.55555,12.173915,57.398911,2.016393,6.011,1,0,11.994536,3.944262,13.989,-236100,0.127604,18.215769
2026-07-22T19:20:42.911701+00:00,47,g047_0474_8453,hit_first_temporal_robustness,loto7-hit-first-2026.07.22-v1,14.968581,11.39344,9.77777,11.630425,48.153006,1.928962,5.464,1,0,11.256831,4.832787,14.317,-235200,0.175573,18.215769
2026-07-22T19:21:38.977471+00:00,48,g048_0482_3684,hit_first_temporal_robustness,loto7-hit-first-2026.07.22-v1,17.353952,12.131155,9.88889,12.717392,65.449454,2.054645,5.464,2,0,14.087432,3.847541,16.175,-230100,0.15991,18.215769
2026-07-22T19:21:57.138838+00:00,49,g049_0049_7922,hit_first_temporal_robustness,loto7-hit-first-2026.07.22-v1,17.215157,12.213095,10.88888,12.391307,63.079232,2.060109,6.011,1,0,13.453552,3.86776,16.029,-230500,0.161364,18.215769
2026-07-22T19:22:15.263475+00:00,50,g050_0501_8201,hit_first_temporal_robustness,loto7-hit-first-2026.07.22-v1,17.808176,12.86886,11.888875,12.771725,63.16257,2.136612,6.557,2,0,13.497268,3.877049,19.053,-222200,0.217973,18.215769
2026-07-22T19:23:11.340731+00:00,51,g051_0514_8539,hit_first_temporal_robustness,loto7-hit-first-2026.07.22-v1,18.617318,13.606555,10.999995,14.130445,65.170766,2.153005,7.65,5,0,14.120219,3.9,24.481,-207300,0.162202,18.617318
2026-07-22T19:24:07.690781+00:00,52,g052_0052_4813,hit_first_temporal_robustness,loto7-hit-first-2026.07.22-v1,17.259821,12.04916,11.19565,11.702893,65.254096,2.15847,3.825,1,0,14.098361,3.878689,14.244,-235400,0.12532,18.617318
2026-07-22T19:28:07.989417+00:00,53,g053_0053_2018,hit_first_temporal_robustness,loto7-hit-first-2026.07.22-v1,14.943546,11.092885,10.10869,10.6582,50.908471,1.923497,4.918,0,0,11.939891,4.784153,11.548,-242800,0.094637,18.617318
2026-07-22T19:32:08.309741+00:00,54,g054_0543_7946,hit_first_temporal_robustness,loto7-hit-first-2026.07.22-v1,18.588957,13.46993,11.888875,13.097812,66.371582,2.180328,8.197,1,0,14.349727,3.846995,14.536,-234600,0.152882,18.617318
2026-07-22T19:32:13.913869+00:00,55,g055_0554_6077,hit_first_temporal_robustness,loto7-hit-first-2026.07.22-v1,15.041489,11.4754,10.55554,11.576078,47.751368,1.934426,6.011,0,0,11.174863,4.848087,12.823,-239300,0.088068,18.617318
2026-07-22T19:32:19.538209+00:00,56,g056_0056_9277,hit_first_temporal_robustness,loto7-hit-first-2026.07.22-v1,16.135027,11.66667,10.760865,11.42511,57.364755,2.005464,5.464,0,0,12.0,3.951366,10.091,-246800,0.097473,18.617318
2026-07-22T19:36:18.877656+00:00,57,g057_0057_1034,hit_first_temporal_robustness,loto7-hit-first-2026.07.22-v1,14.613205,10.84699,9.555555,10.217388,50.297815,1.95082,3.279,1,0,11.84153,4.819672,15.373,-232300,0.258294,18.617318
2026-07-22T19:36:24.507521+00:00,58,g058_0582_4720,hit_first_temporal_robustness,loto7-hit-first-2026.07.22-v1,16.366782,11.88525,11.086955,12.08937,57.09426,2.04918,5.464,0,0,12.0,3.987432,13.042,-238700,0.100559,18.617318
2026-07-22T19:36:56.786363+00:00,59,g059_0059_9087,hit_first_temporal_robustness,loto7-hit-first-2026.07.22-v1,14.862413,10.92894,10.333325,11.086948,50.550549,1.934426,3.825,1,0,11.830601,4.780874,12.022,-241500,0.209091,18.617318
2026-07-22T19:37:02.433322+00:00,60,g060_0602_4329,hit_first_temporal_robustness,loto7-hit-first-2026.07.22-v1,14.169203,10.519105,9.45652,10.276565,48.161204,1.918033,2.732,1,0,11.273224,4.839344,12.823,-239300,0.201705,18.617318
2026-07-22T19:37:58.705011+00:00,61,g061_0614_1696,hit_first_temporal_robustness,loto7-hit-first-2026.07.22-v1,18.235748,13.08744,10.555555,13.47826,66.127049,2.15847,7.65,0,0,14.163934,3.792896,13.698,-236900,0.106383,18.617318
2026-07-22T19:40:30.968275+00:00,62,g062_0062_9439,hit_first_temporal_robustness,loto7-hit-first-2026.07.22-v1,12.330633,9.699455,9.021735,9.78381,36.452186,1.743169,3.279,0,0,9.879781,5.750273,12.459,-240300,0.146199,18.617318
2026-07-22T19:43:04.076493+00:00,63,g063_0634_4165,hit_first_temporal_robustness,loto7-hit-first-2026.07.22-v1,12.926498,10.19126,9.34782,10.275353,38.117485,1.775956,4.372,0,0,10.103825,5.632787,13.807,-236600,0.126649,18.617318
2026-07-22T19:44:00.046424+00:00,64,g064_0064_7976,hit_first_temporal_robustness,loto7-hit-first-2026.07.22-v1,12.50391,9.80873,9.239125,9.945645,37.051914,1.73224,3.825,0,0,9.907104,5.68306,10.856,-244700,0.167785,18.617318
2026-07-22T19:44:05.639832+00:00,65,g065_0065_6911,hit_first_temporal_robustness,loto7-hit-first-2026.07.22-v1,14.062395,10.32787,9.999995,10.332115,47.930328,1.868852,3.279,0,0,11.180328,4.826776,11.075,-244100,0.098684,18.617318
2026-07-22T19:48:05.634359+00:00,66,g066_0066_8671,hit_first_temporal_robustness,loto7-hit-first-2026.07.22-v1,11.998026,9.371575,8.91304,9.347822,36.03142,1.710383,2.732,0,0,9.79235,5.765574,11.84,-242000,0.172308,18.617318
2026-07-22T19:48:11.235736+00:00,67,g067_0671_6562,hit_first_temporal_robustness,loto7-hit-first-2026.07.22-v1,14.650376,11.06558,9.55555,11.24999,47.900272,1.885246,5.464,0,0,11.26776,4.871585,14.791,-233900,0.108374,18.617318
2026-07-22T19:48:43.469955+00:00,68,g068_0681_9107,hit_first_temporal_robustness,loto7-hit-first-2026.07.22-v1,15.197842,11.53005,11.333345,11.576073,48.310111,1.89071,6.557,1,0,11.480874,4.916393,15.701,-231400,0.139211,18.617318
2026-07-22T19:48:53.354309+00:00,69,g069_0069_6844,hit_first_temporal_robustness,loto7-hit-first-2026.07.22-v1,14.5707,10.956275,9.66666,11.086948,47.975408,1.896175,4.918,0,0,11.393443,4.920219,15.046,-233200,0.084746,18.617318
2026-07-22T19:49:11.391800+00:00,70,g070_0070_1133,hit_first_temporal_robustness,loto7-hit-first-2026.07.22-v1,17.756241,12.86886,11.222215,12.934783,62.980877,2.136612,6.557,2,0,13.453552,3.880874,16.976,-227900,0.152361,18.617318
2026-07-22T19:49:21.319677+00:00,71,g071_0712_9516,hit_first_temporal_robustness,loto7-hit-first-2026.07.22-v1,14.297436,10.464475,9.0,10.652168,49.740437,1.874317,3.279,1,0,11.530055,4.748634,12.24,-240900,0.178571,18.617318
2026-07-22T20:16:46.082400+00:00,72,g072_0724_2710,hit_first_temporal_robustness,loto7-hit-first-2026.07.22-v1,17.963719,12.75956,11.55554,12.391293,66.206285,2.136612,6.557,1,0,14.371585,3.879235,15.264,-232600,0.116945,18.617318
2026-07-22T20:18:20.164997+00:00,73,g073_0073_7194,hit_first_temporal_robustness,loto7-hit-first-2026.07.22-v1,11.968863,9.31693,8.333335,9.34782,36.586066,1.699454,2.732,0,0,9.852459,5.719672,11.694,-242400,0.165109,18.617318
2026-07-22T20:19:16.415180+00:00,74,g074_0744_1018,hit_first_temporal_robustness,loto7-hit-first-2026.07.22-v1,15.144965,11.25681,9.999995,11.195642,51.217209,1.934426,4.918,1,0,11.901639,4.725137,13.515,-237400,0.293801,18.617318
2026-07-22T21:11:11.629132+00:00,75,g075_0753_2212,hit_first_temporal_robustness,loto7-hit-first-2026.07.22-v1,17.502806,11.99454,10.66666,11.847818,68.31557,2.071038,5.464,0,0,14.754098,3.776503,12.678,-239700,0.08046,18.617318
2026-07-23T00:55:58.971539+00:00,76,g076_0076_8131,hit_first_temporal_robustness,loto7-hit-first-2026.07.22-v1,12.40572,9.699455,9.021735,9.776565,37.211747,1.743169,3.279,0,0,9.923497,5.669399,12.058,-241400,0.160121,18.617318
2026-07-23T00:56:17.155428+00:00,77,g077_0772_9573,hit_first_temporal_robustness,loto7-hit-first-2026.07.22-v1,17.244792,12.24043,11.111105,12.44564,62.941256,2.10929,4.918,2,0,13.480874,3.898907,17.887,-225400,0.221996,18.617318
2026-07-23T00:56:22.819194+00:00,78,g078_0078_6108,hit_first_temporal_robustness,loto7-hit-first-2026.07.22-v1,14.685204,11.065565,10.869555,11.04226,47.446725,1.918033,4.918,0,0,11.213115,4.906557,12.35,-240600,0.112094,18.617318
2026-07-23T00:56:28.568410+00:00,79,g079_0792_2034,hit_first_temporal_robustness,loto7-hit-first-2026.07.22-v1,16.461555,12.04917,10.869555,11.913048,57.280058,2.04918,6.011,0,0,11.994536,3.960109,12.313,-240700,0.118343,18.617318
2026-07-23T00:56:46.990457+00:00,80,g080_0804_2054,hit_first_temporal_robustness,loto7-hit-first-2026.07.22-v1,17.392707,12.322395,11.55555,12.554337,63.360659,2.103825,6.011,0,0,13.540984,3.871038,14.135,-235700,0.07732,18.617318
2026-07-23T00:57:19.635975+00:00,81,g081_0081_5773,hit_first_temporal_robustness,loto7-hit-first-2026.07.22-v1,17.544667,12.459015,11.55555,12.28261,64.249997,2.142077,5.464,1,0,13.819672,3.882514,17.086,-227600,0.232409,18.617318
2026-07-23T00:57:37.899983+00:00,82,g082_0821_2511,hit_first_temporal_robustness,loto7-hit-first-2026.07.22-v1,14.531423,10.737695,9.555555,10.76086,49.592893,1.918033,3.825,0,0,11.628415,4.814208,11.512,-242900,0.094937,18.617318
2026-07-23T01:35:24.029595+00:00,83,g083_0832_1018,hit_first_temporal_robustness,loto7-hit-first-2026.07.22-v1,15.158243,11.311455,9.444445,11.086948,51.542349,1.945355,4.918,1,0,11.994536,4.725137,15.228,-232700,0.296651,18.617318
2026-07-23T01:35:42.155629+00:00,84,g084_0084_7351,hit_first_temporal_robustness,loto7-hit-first-2026.07.22-v1,17.392056,12.404365,11.111105,12.663045,63.005465,2.076503,6.011,2,0,13.437158,3.869945,18.834,-222800,0.137331,18.617318
2026-07-23T01:36:14.447170+00:00,85,g085_0851_1964,hit_first_temporal_robustness,loto7-hit-first-2026.07.22-v1,17.213761,12.10382,10.77777,12.228248,64.114752,2.071038,5.464,1,0,13.786885,3.885246,14.718,-234100,0.175743,18.617318
2026-07-23T01:36:24.448906+00:00,86,g086_0086_4510,hit_first_temporal_robustness,loto7-hit-first-2026.07.22-v1,17.828112,13.30601,12.11112,12.391292,60.580603,2.114754,8.743,1,0,12.89071,3.938251,17.96,-225200,0.221095,18.617318
2026-07-23T01:45:35.939284+00:00,87,g087_0873_4537,hit_first_temporal_robustness,loto7-hit-first-2026.07.22-v1,17.395575,12.404365,10.222215,12.391295,64.077872,2.076503,6.011,2,0,13.983607,3.981967,18.288,-224300,0.13745,18.617318
2026-07-23T01:47:09.967768+00:00,88,g088_0088_4775,hit_first_temporal_robustness,loto7-hit-first-2026.07.22-v1,15.401514,11.50273,10.333325,11.68477,51.20765,1.95082,5.464,1,0,11.972678,4.759563,14.244,-235400,0.176471,18.617318
2026-07-23T01:51:10.824544+00:00,89,g089_0894_2376,hit_first_temporal_robustness,loto7-hit-first-2026.07.22-v1,17.264531,11.994515,10.22222,12.01086,66.092896,2.081967,4.918,1,0,14.300546,3.861202,16.612,-228900,0.239035,18.617318
2026-07-23T02:43:09.167987+00:00,90,g090_0902_3597,hit_first_temporal_robustness,loto7-hit-first-2026.07.22-v1,15.161317,11.2295,10.55554,10.923905,51.453548,1.95082,4.918,0,0,12.071038,4.772678,11.621,-242600,0.125392,18.617318
2026-07-23T02:43:14.868267+00:00,91,g091_0912_1396,hit_first_temporal_robustness,loto7-hit-first-2026.07.22-v1,11.521422,8.85246,8.444445,8.804345,35.926228,1.704918,1.093,0,0,9.688525,5.731148,8.889,-250100,0.204918,18.617318
2026-07-23T02:43:33.209711+00:00,92,g092_0924_8191,hit_first_temporal_robustness,loto7-hit-first-2026.07.22-v1,17.488099,12.540965,11.222215,12.44564,63.181698,2.125683,6.011,1,0,13.519126,3.884699,16.357,-229600,0.242762,18.617318
2026-07-23T02:43:51.391715+00:00,93,g093_0093_8361,hit_first_temporal_robustness,loto7-hit-first-2026.07.22-v1,15.366667,11.584705,10.55555,11.739123,50.042349,1.989071,5.464,0,0,11.699454,4.787432,13.698,-236900,0.093085,18.617318
2026-07-23T02:43:57.184836+00:00,94,g094_0094_6589,hit_first_temporal_robustness,loto7-hit-first-2026.07.22-v1,17.493323,13.224055,11.847815,13.074893,57.196725,2.120219,8.743,0,0,12.0,3.97377,15.883,-230900,0.084862,18.617318
2026-07-23T03:11:09.325932+00:00,95,g095_0951_1309,hit_first_temporal_robustness,loto7-hit-first-2026.07.22-v1,17.095369,11.50272,10.0,11.630427,68.47814,2.071038,3.825,0,0,14.79235,3.772678,11.075,-244100,0.092105,18.617318
2026-07-23T06:54:15.534712+00:00,96,g096_0096_7426,hit_first_temporal_robustness,loto7-hit-first-2026.07.22-v1,17.377559,12.021865,10.66666,12.228252,66.415302,2.076503,5.464,0,0,14.371585,3.851366,13.115,-238500,0.066667,18.617318
2026-07-23T06:54:45.860659+00:00,97,g097_0974_2882,hit_first_temporal_robustness,loto7-hit-first-2026.07.22-v1,17.940101,12.92348,11.999985,12.826087,63.945357,2.136612,7.104,1,0,13.825137,3.925683,17.851,-225500,0.122449,18.617318
2026-07-23T06:54:55.079061+00:00,98,g098_0984_9284,hit_first_temporal_robustness,loto7-hit-first-2026.07.22-v1,12.850366,10.191245,9.666655,10.217385,37.170762,1.743169,4.918,0,0,9.874317,5.651913,12.313,-240700,0.147929,18.617318
2026-07-23T06:57:17.488644+00:00,99,g099_0991_2979,hit_first_temporal_robustness,loto7-hit-first-2026.07.22-v1,18.188406,12.923505,10.666665,12.77173,67.560112,2.213115,5.464,2,0,14.562842,3.787978,16.539,-229100,0.156388,18.617318
2026-07-23T06:57:26.730765+00:00,100,g100_0100_2616,hit_first_temporal_robustness,loto7-hit-first-2026.07.22-v1,15.102162,11.42076,11.08695,11.375605,48.556016,1.934426,5.464,1,0,11.415301,4.853005,16.503,-229200,0.108168,18.617318
2026-07-23T06:57:32.004146+00:00,101,g101_1012_2201,hit_first_temporal_robustness,loto7-hit-first-2026.07.22-v1,15.86232,11.393445,10.222215,11.032602,57.452191,2.016393,4.372,0,0,11.994536,3.937158,12.095,-241300,0.090361,18.617318
2026-07-23T06:57:48.800578+00:00,102,g102_1022_3158,hit_first_temporal_robustness,loto7-hit-first-2026.07.22-v1,18.068012,13.196715,12.2826,13.237915,62.591534,2.147541,7.65,1,1,13.486339,3.948087,151.73,142000,0.907563,18.617318
2026-07-23T07:00:10.154561+00:00,103,g103_0103_9405,hit_first_temporal_robustness,loto7-hit-first-2026.07.22-v1,18.690995,13.497275,12.55554,13.641305,66.015023,2.196721,7.65,2,0,14.300546,3.871585,18.689,-223200,0.212476,18.690995
2026-07-23T07:00:27.145590+00:00,104,g104_0104_8166,hit_first_temporal_robustness,loto7-hit-first-2026.07.22-v1,17.334079,12.349725,10.77777,12.500005,63.270493,2.054645,6.557,1,0,13.491803,3.860109,13.515,-237400,0.132075,18.690995
2026-07-23T07:18:39.393704+00:00,105,g105_0105_8133,hit_first_temporal_robustness,loto7-hit-first-2026.07.22-v1,17.583473,12.26774,10.999995,12.391307,66.290986,2.136612,4.918,1,0,14.409836,3.885792,16.211,-230000,0.110112,18.690995
2026-07-23T07:18:44.674436+00:00,106,g106_0106_1776,hit_first_temporal_robustness,loto7-hit-first-2026.07.22-v1,16.341013,11.93988,10.333325,12.065205,57.086063,2.027322,6.011,0,0,12.0,3.988525,15.118,-233000,0.110843,18.690995
2026-07-23T07:20:12.019927+00:00,107,g107_1072_8470,hit_first_temporal_robustness,loto7-hit-first-2026.07.22-v1,15.24275,11.366125,10.666655,11.141298,50.961748,1.945355,5.464,0,0,11.972678,4.79235,12.714,-239600,0.114613,18.690995
2026-07-23T07:20:42.091882+00:00,108,g108_1083_5387,hit_first_temporal_robustness,loto7-hit-first-2026.07.22-v1,17.675423,12.650255,11.111105,12.391307,64.44399,2.081967,7.104,1,0,13.846995,3.869399,14.791,-233900,0.174877,18.690995
2026-07-23T07:20:47.268447+00:00,109,g109_1092_5395,hit_first_temporal_robustness,loto7-hit-first-2026.07.22-v1,14.400575,10.792355,9.999995,10.599028,47.740437,1.896175,4.372,0,0,11.153005,4.839344,11.293,-243500,0.096774,18.690995
2026-07-23T07:21:04.069597+00:00,110,g110_0110_6785,hit_first_temporal_robustness,loto7-hit-first-2026.07.22-v1,17.924425,13.06011,11.888875,12.989145,62.725408,2.131148,7.65,1,0,13.491803,3.932787,18.033,-225000,0.220202,18.690995
2026-07-23T07:22:31.621024+00:00,111,g111_1111_7515,hit_first_temporal_robustness,loto7-hit-first-2026.07.22-v1,17.481047,12.240445,11.55555,12.22825,65.209017,2.120219,5.464,0,0,14.081967,3.877049,13.078,-238600,0.083565,18.690995
2026-07-23T07:48:24.845503+00:00,112,g112_0112_4352,hit_first_temporal_robustness,loto7-hit-first-2026.07.22-v1,18.037938,12.868835,11.44443,12.717377,65.881142,2.125683,7.104,1,0,14.311475,3.894536,18.215,-224500,0.098,18.690995
2026-07-23T07:52:12.735840+00:00,113,g113_0113_8101,hit_first_temporal_robustness,loto7-hit-first-2026.07.22-v1,15.578214,11.63935,10.999985,11.684773,51.484974,2.0,5.464,0,0,12.027322,4.748087,11.293,-243500,0.119355,18.690995
2026-07-23T07:52:18.001886+00:00,114,g114_0114_3804,hit_first_temporal_robustness,loto7-hit-first-2026.07.22-v1,17.358936,13.08741,10.978255,13.405803,57.107926,2.092896,8.197,1,1,11.994536,3.98306,153.625,147200,0.89898,18.690995
2026-07-23T07:58:03.458465+00:00,115,g115_1154_3236,hit_first_temporal_robustness,loto7-hit-first-2026.07.22-v1,17.731697,12.185795,11.086955,12.13284,68.587432,2.174863,4.372,0,0,14.765027,3.745355,13.042,-238700,0.111732,18.690995
2026-07-23T07:58:20.179855+00:00,116,g116_0116_7984,hit_first_temporal_robustness,loto7-hit-first-2026.07.22-v1,17.244828,12.322395,10.333335,12.499987,62.924863,2.103825,6.011,0,0,13.415301,3.870492,13.297,-238000,0.10411,18.690995
2026-07-23T07:58:29.408683+00:00,117,g117_0117_1299,hit_first_temporal_robustness,loto7-hit-first-2026.07.22-v1,17.684929,13.005445,11.55554,13.15216,60.784151,2.153005,7.104,1,0,12.863388,3.898361,17.158,-227400,0.231423,18.690995
2026-07-23T07:58:38.646745+00:00,118,g118_1182_3605,hit_first_temporal_robustness,loto7-hit-first-2026.07.22-v1,16.712668,11.939895,9.88889,12.336945,60.831967,2.060109,5.464,0,0,12.901639,3.909836,13.661,-237000,0.101333,18.690995
2026-07-23T07:58:55.387260+00:00,119,g119_0119_7618,hit_first_temporal_robustness,loto7-hit-first-2026.07.22-v1,18.021371,13.14206,11.888875,13.04348,63.05601,2.114754,8.197,1,0,13.497268,3.891257,14.608,-234400,0.127182,18.690995
2026-07-23T08:01:17.507280+00:00,120,g120_1202_3928,hit_first_temporal_robustness,loto7-hit-first-2026.07.22-v1,18.359295,13.11476,11.111105,13.26087,66.987703,2.185792,6.557,2,0,14.442623,3.808197,17.45,-226600,0.227557,18.690995
2026-07-23T08:01:34.569776+00:00,121,g121_0121_5558,hit_first_temporal_robustness,loto7-hit-first-2026.07.22-v1,17.495493,12.595625,11.222215,12.22825,63.133884,2.169399,5.464,1,0,13.562842,3.911475,14.791,-233900,0.268473,18.690995
2026-07-23T08:01:51.253982+00:00,122,g122_0122_1574,hit_first_temporal_robustness,loto7-hit-first-2026.07.22-v1,17.998,13.169405,11.30434,13.00604,63.143444,2.174863,7.65,0,0,13.540984,3.9,15.993,-230600,0.113895,18.690995
2026-07-23T08:01:56.512695+00:00,123,g123_0123_4054,hit_first_temporal_robustness,loto7-hit-first-2026.07.22-v1,16.46366,12.18579,9.77778,11.84783,57.296453,2.021858,6.557,1,0,11.994536,3.957923,15.191,-232800,0.117506,18.690995
2026-07-23T08:10:38.649825+00:00,124,g124_0124_7508,hit_first_temporal_robustness,loto7-hit-first-2026.07.22-v1,18.057307,12.513655,11.19565,12.467378,69.060112,2.153005,5.464,1,0,14.874317,3.733333,13.078,-238600,0.197772,18.690995
2026-07-23T08:10:48.081549+00:00,125,g125_1251_4000,hit_first_temporal_robustness,loto7-hit-first-2026.07.22-v1,16.980777,12.51366,9.77778,11.57608,60.498634,2.087432,6.557,1,0,12.874317,3.94153,14.098,-235800,0.139535,18.690995
2026-07-23T08:29:08.175418+00:00,126,g126_1262_8114,hit_first_temporal_robustness,loto7-hit-first-2026.07.22-v1,17.545232,12.158475,11.222215,12.010862,66.952186,2.103825,5.464,0,0,14.519126,3.848634,13.078,-238600,0.097493,18.690995
2026-07-23T08:54:51.655320+00:00,127,g127_0127_1378,hit_first_temporal_robustness,loto7-hit-first-2026.07.22-v1,18.265153,12.86886,11.999985,12.77173,67.643444,2.180328,6.557,0,0,14.622951,3.804918,11.658,-242500,0.09375,18.690995
2026-07-23T08:57:15.840427+00:00,128,g128_0128_1502,hit_first_temporal_robustness,loto7-hit-first-2026.07.22-v1,15.490713,11.748615,10.777765,11.739135,49.95765,1.967213,6.011,1,0,11.759563,4.826776,16.503,-229200,0.273731,18.690995
2026-07-23T13:02:46.952861+00:00,129,g129_0129_6466,hit_first_temporal_robustness,loto7-hit-first-2026.07.22-v1,18.012561,12.62294,10.22222,13.152175,67.804642,2.163934,6.011,0,0,14.63388,3.788525,14.499,-234700,0.100503,18.690995
2026-07-23T13:03:40.210756+00:00,130,g130_0130_9674,hit_first_temporal_robustness,loto7-hit-first-2026.07.22-v1,14.812784,11.038245,9.22222,10.81521,50.504095,1.923497,4.372,1,0,11.786885,4.766667,13.005,-238800,0.305322,18.690995
2026-07-23T13:03:49.771395+00:00,131,g131_1312_5015,hit_first_temporal_robustness,loto7-hit-first-2026.07.22-v1,17.30606,12.67759,10.66666,12.49999,60.784155,2.10929,7.104,0,0,12.912568,3.921311,15.446,-232100,0.09434,18.690995
2026-07-23T13:04:43.424031+00:00,132,g132_0132_6866,hit_first_temporal_robustness,loto7-hit-first-2026.07.22-v1,17.450045,12.21312,10.444445,12.282598,65.913936,2.114754,5.464,0,0,14.147541,3.813661,12.86,-239200,0.076487,18.690995
2026-07-23T13:05:14.204178+00:00,133,g133_0133_1816,hit_first_temporal_robustness,loto7-hit-first-2026.07.22-v1,18.138537,13.03277,12.826075,13.02053,64.270488,2.15847,7.104,1,0,13.885246,3.910383,16.175,-230100,0.135135,18.690995
2026-07-23T13:07:40.177815+00:00,134,g134_1341_6612,hit_first_temporal_robustness,loto7-hit-first-2026.07.22-v1,18.458851,13.0601,12.44443,13.043465,67.560108,2.20765,6.011,2,0,14.530055,3.772678,16.102,-230300,0.246606,18.690995
2026-07-23T13:34:06.799239+00:00,135,g135_0135_4135,hit_first_temporal_robustness,loto7-hit-first-2026.07.22-v1,17.754949,12.65027,11.666655,12.44564,64.729508,2.114754,6.557,1,0,14.098361,3.948634,19.526,-220900,0.11194,18.690995
2026-07-23T13:34:37.771813+00:00,136,g136_1364_8388,hit_first_temporal_robustness,loto7-hit-first-2026.07.22-v1,14.738584,11.01092,10.54347,10.659413,49.083333,1.907104,4.918,0,0,11.601093,4.869399,14.317,-235200,0.122137,18.690995
2026-07-23T13:34:43.177440+00:00,137,g137_0137_1699,hit_first_temporal_robustness,loto7-hit-first-2026.07.22-v1,15.934358,11.475415,10.0,11.358688,57.385245,2.032787,4.372,0,0,12.0,3.948634,11.73,-242300,0.093168,18.690995
2026-07-23T13:35:14.251432+00:00,138,g138_0138_2261,hit_first_temporal_robustness,loto7-hit-first-2026.07.22-v1,17.870999,12.78687,11.111105,13.097827,64.595626,2.10929,7.104,1,0,13.879781,3.864481,16.393,-229500,0.242222,18.690995
2026-07-23T13:35:19.685448+00:00,139,g139_1394_4731,hit_first_temporal_robustness,loto7-hit-first-2026.07.22-v1,16.22478,11.77594,10.888875,11.467382,57.344265,1.972678,6.011,1,0,12.0,3.954098,14.536,-234600,0.122807,18.690995
2026-07-23T13:35:25.055510+00:00,140,g140_1402_7468,hit_first_temporal_robustness,loto7-hit-first-2026.07.22-v1,14.777903,11.202165,9.88888,11.576078,47.561478,1.923497,4.918,1,0,11.180328,4.875956,15.118,-233000,0.166265,18.690995
2026-07-23T13:35:56.088895+00:00,141,g141_1414_7522,hit_first_temporal_robustness,loto7-hit-first-2026.07.22-v1,15.640747,11.93989,10.777765,12.119553,49.662569,1.972678,6.557,1,0,11.693989,4.835519,15.883,-230900,0.112385,18.690995
2026-07-23T13:36:13.577945+00:00,142,g142_1421_7121,hit_first_temporal_robustness,loto7-hit-first-2026.07.22-v1,17.383252,12.4317,11.0,12.336945,63.206282,2.15847,5.464,0,0,13.469945,3.85847,13.588,-237200,0.075067,18.690995
2026-07-23T13:36:19.079951+00:00,143,g143_1434_1475,hit_first_temporal_robustness,loto7-hit-first-2026.07.22-v1,17.65248,13.333345,12.11112,13.369565,57.459015,2.098361,8.743,2,0,12.0,3.938798,17.559,-226300,0.105809,18.690995
2026-07-23T13:36:50.226753+00:00,144,g144_1442_3122,hit_first_temporal_robustness,loto7-hit-first-2026.07.22-v1,14.256451,10.409815,9.11111,10.652165,49.624317,1.896175,2.732,1,0,11.666667,4.827869,13.297,-238000,0.29863,18.690995
2026-07-23T13:39:17.557240+00:00,145,g145_0145_1655,hit_first_temporal_robustness,loto7-hit-first-2026.07.22-v1,16.703996,11.17485,10.11111,11.195642,67.292352,2.005464,3.825,0,0,14.502732,3.795628,9.8,-247600,0.089219,18.690995
2026-07-23T14:29:17.495003+00:00,146,g146_1462_7827,hit_first_temporal_robustness,loto7-hit-first-2026.07.22-v1,15.112862,10.79234,10.43478,10.765697,54.315578,1.994536,2.732,0,0,12.47541,4.579781,10.674,-245200,0.136519,18.690995
2026-07-23T15:05:44.269387+00:00,147,g147_0147_7222,hit_first_temporal_robustness,loto7-hit-first-2026.07.22-v1,17.912588,12.677595,11.999985,12.717392,65.521859,2.120219,6.557,1,0,14.273224,3.92459,16.539,-229100,0.10793,18.690995
2026-07-23T18:35:36.102612+00:00,148,g148_0148_5076,hit_first_temporal_robustness,loto7-hit-first-2026.07.22-v1,17.688829,12.48632,10.999995,12.554337,65.618854,2.114754,6.011,1,0,14.081967,3.822404,14.39,-235000,0.124051,18.690995
2026-07-23T18:36:18.639013+00:00,149,g149_0149_5005,hit_first_temporal_robustness,loto7-hit-first-2026.07.22-v1,17.536492,12.29509,10.22222,12.71738,65.860653,2.131148,5.464,0,0,14.196721,3.843716,13.115,-238500,0.138889,18.690995
2026-07-23T18:46:21.237911+00:00,150,g150_1504_2650,hit_first_temporal_robustness,loto7-hit-first-2026.07.22-v1,18.300486,12.97814,12.33332,12.880437,66.834699,2.180328,6.557,1,0,14.480874,3.846448,18.179,-224600,0.218437,18.690995
2026-07-23T18:46:28.623666+00:00,151,g151_0151_2745,hit_first_temporal_robustness,loto7-hit-first-2026.07.22-v1,17.49153,12.868835,10.44444,13.369565,60.434421,2.125683,7.104,1,0,12.901639,3.962842,19.454,-221100,0.132959,18.690995
2026-07-23T18:46:52.589753+00:00,152,g152_1524_5968,hit_first_temporal_robustness,loto7-hit-first-2026.07.22-v1,17.270079,12.13113,11.222215,12.01086,64.392074,2.10929,4.918,1,0,13.907104,3.904372,16.503,-229200,0.240618,18.690995
2026-07-23T18:46:56.755889+00:00,153,g153_0153_8525,hit_first_temporal_robustness,loto7-hit-first-2026.07.22-v1,16.932406,12.622945,11.52173,12.14494,57.172132,2.032787,8.197,0,0,12.0,3.977049,13.479,-237500,0.124324,18.690995
2026-07-23T18:47:20.709341+00:00,154,g154_1542_1745,hit_first_temporal_robustness,loto7-hit-first-2026.07.22-v1,17.287691,12.0765,10.666665,12.391293,64.938525,2.131148,4.372,1,0,13.918033,3.836612,15.337,-232400,0.258907,18.690995
2026-07-23T19:25:40.693616+00:00,155,g155_1553_4378,hit_first_temporal_robustness,loto7-hit-first-2026.07.22-v1,11.985108,9.31693,8.999995,9.239125,36.345628,1.699454,2.732,0,0,9.814208,5.73388,11.293,-243500,0.16129,18.690995
2026-07-23T19:45:50.632168+00:00,156,g156_1562_7225,hit_first_temporal_robustness,loto7-hit-first-2026.07.22-v1,12.129428,9.45354,8.555555,9.510865,36.862023,1.726776,2.732,0,0,9.879781,5.695628,11.22,-243700,0.162338,18.690995
2026-07-23T19:46:32.027862+00:00,157,g157_0157_9150,hit_first_temporal_robustness,loto7-hit-first-2026.07.22-v1,15.242771,11.420745,10.333325,11.24999,50.715847,1.967213,4.918,1,0,11.874317,4.779235,15.009,-233300,0.167476,18.690995
2026-07-23T19:46:56.004233+00:00,158,g158_1581_3520,hit_first_temporal_robustness,loto7-hit-first-2026.07.22-v1,18.171791,13.087425,11.55554,13.206537,65.01366,2.125683,8.197,0,0,13.978142,3.854645,16.284,-229800,0.111857,18.690995
2026-07-23T19:47:03.361394+00:00,159,g159_0159_7425,hit_first_temporal_robustness,loto7-hit-first-2026.07.22-v1,16.781682,12.02185,11.33332,11.630425,60.640706,2.043716,6.011,0,0,12.879781,3.925137,12.568,-240000,0.13913,18.690995
2026-07-23T19:47:44.601920+00:00,160,g160_0160_1266,hit_first_temporal_robustness,loto7-hit-first-2026.07.22-v1,18.194059,13.196715,11.111105,13.152188,64.892076,2.169399,7.104,2,0,14.038251,3.898907,20.182,-219100,0.196751,18.690995
2026-07-23T19:57:42.014756+00:00,161,g161_0161_2420,hit_first_temporal_robustness,loto7-hit-first-2026.07.22-v1,12.281305,9.64481,9.239125,9.557963,36.438529,1.73224,3.279,0,0,9.803279,5.716393,12.277,-240800,0.148368,18.690995
2026-07-23T20:00:39.995829+00:00,162,g162_0162_9034,hit_first_temporal_robustness,loto7-hit-first-2026.07.22-v1,12.01284,9.28962,8.444445,9.184777,37.323773,1.726776,2.186,0,0,9.967213,5.674863,11.111,-244000,0.163934,18.690995
2026-07-23T20:02:32.346694+00:00,163,g163_0163_4109,hit_first_temporal_robustness,loto7-hit-first-2026.07.22-v1,18.644728,13.25135,11.999985,13.478262,67.913931,2.202186,7.104,1,0,14.639344,3.776503,15.519,-231900,0.255869,18.690995
2026-07-23T20:40:46.979179+00:00,164,g164_1643_4501,hit_first_temporal_robustness,loto7-hit-first-2026.07.22-v1,12.506479,10.13659,8.444445,10.108687,35.222679,1.775956,3.825,1,0,9.617486,5.791803,16.612,-228900,0.243421,18.690995
2026-07-24T01:09:30.938884+00:00,165,g165_0165_2946,hit_first_temporal_robustness,loto7-hit-first-2026.07.22-v1,15.295566,11.63934,10.869555,11.535013,48.942624,1.978142,5.464,1,0,11.590164,4.88306,16.175,-230100,0.245495,18.690995
2026-07-24T01:15:12.374612+00:00,166,g166_0166_9347,hit_first_temporal_robustness,loto7-hit-first-2026.07.22-v1,18.041096,12.84152,10.88888,13.26087,65.896175,2.163934,6.011,2,0,14.333333,3.902732,19.854,-220000,0.216514,18.690995
2026-07-24T01:40:41.542859+00:00,167,g167_0167_2692,hit_first_temporal_robustness,loto7-hit-first-2026.07.22-v1,17.760009,12.431685,10.88888,12.33696,67.062842,2.125683,6.011,0,0,14.535519,3.84153,13.151,-238400,0.096953,18.690995
2026-07-24T01:40:58.463442+00:00,168,g168_0168_9725,hit_first_temporal_robustness,loto7-hit-first-2026.07.22-v1,17.233038,12.295075,10.66666,12.608697,62.60109,2.098361,6.011,0,0,13.497268,3.951913,14.499,-234700,0.070352,18.690995
2026-07-24T01:42:26.011804+00:00,169,g169_1691_7717,hit_first_temporal_robustness,loto7-hit-first-2026.07.22-v1,12.144869,9.28962,9.13043,9.239125,38.030055,1.726776,2.186,0,0,10.076503,5.631694,9.071,-249600,0.120482,18.690995
2026-07-24T01:42:42.811972+00:00,170,g170_0170_3994,hit_first_temporal_robustness,loto7-hit-first-2026.07.22-v1,14.427517,10.710375,9.333335,10.652168,49.053279,1.923497,3.279,1,0,11.590164,4.868306,13.333,-237900,0.215847,18.690995
2026-07-24T01:44:10.123425+00:00,171,g171_0171_7049,hit_first_temporal_robustness,loto7-hit-first-2026.07.22-v1,15.23511,11.42076,9.77777,11.630425,50.627051,1.934426,5.464,1,0,11.836066,4.773224,15.628,-231600,0.289044,18.690995
2026-07-24T01:44:40.222196+00:00,172,g172_0172_9171,hit_first_temporal_robustness,loto7-hit-first-2026.07.22-v1,17.656339,12.513655,11.222215,12.771743,64.663939,2.098361,6.011,2,0,13.885246,3.857923,17.851,-225500,0.222449,18.690995
2026-07-24T01:46:07.636601+00:00,173,g173_1733_9719,hit_first_temporal_robustness,loto7-hit-first-2026.07.22-v1,17.449138,12.15846,11.195645,11.975835,66.054643,2.092896,4.918,2,0,14.256831,3.845902,16.612,-228900,0.239035,18.690995
2026-07-24T01:46:16.952886+00:00,174,g174_1741_2448,hit_first_temporal_robustness,loto7-hit-first-2026.07.22-v1,17.098473,12.37703,10.66666,12.391307,60.942625,2.092896,6.011,1,0,12.918033,3.902732,16.685,-228700,0.237991,18.690995
2026-07-24T01:46:22.228614+00:00,175,g175_1754_6912,hit_first_temporal_robustness,loto7-hit-first-2026.07.22-v1,16.619358,12.24043,11.1111,12.065207,57.143445,2.043716,6.011,2,0,12.0,3.980874,15.993,-230600,0.116173,18.690995
2026-07-24T01:46:39.074781+00:00,176,g176_1763_4594,hit_first_temporal_robustness,loto7-hit-first-2026.07.22-v1,15.341609,11.66665,10.111105,11.95651,49.312841,1.95082,6.011,1,0,11.617486,4.846448,16.248,-229900,0.159193,18.690995
2026-07-24T01:47:09.099522+00:00,177,g177_0177_9446,hit_first_temporal_robustness,loto7-hit-first-2026.07.22-v1,11.826425,9.262295,8.333335,9.076083,35.870219,1.721311,2.186,0,0,9.699454,5.743716,11.293,-243500,0.16129,18.690995
2026-07-24T01:49:30.940199+00:00,178,g178_1784_9864,hit_first_temporal_robustness,loto7-hit-first-2026.07.22-v1,17.672998,12.29509,10.444445,12.282595,67.569675,2.087432,5.464,2,0,14.52459,3.768852,18.506,-223700,0.214567,18.690995
2026-07-24T01:50:58.205675+00:00,179,g179_1792_3918,hit_first_temporal_robustness,loto7-hit-first-2026.07.22-v1,17.699173,12.43169,10.444445,12.77174,66.288253,2.136612,5.464,1,0,14.256831,3.814754,14.244,-235400,0.181586,18.690995
2026-07-24T01:56:39.883715+00:00,180,g180_1804_8925,hit_first_temporal_robustness,loto7-hit-first-2026.07.22-v1,14.7438,10.573775,9.8913,10.600235,52.78825,1.918033,3.279,0,0,12.20765,4.65847,9.035,-249700,0.177419,18.690995
2026-07-24T02:09:04.555396+00:00,181,g181_1813_2812,hit_first_temporal_robustness,loto7-hit-first-2026.07.22-v1,18.029287,12.568315,10.333335,13.097827,68.3306,2.120219,6.557,0,0,14.79235,3.79235,13.515,-237400,0.080863,18.690995
2026-07-24T02:10:32.100851+00:00,182,g182_1821_6763,hit_first_temporal_robustness,loto7-hit-first-2026.07.22-v1,17.423751,12.103815,11.086955,11.972215,66.274585,2.125683,4.918,0,0,14.311475,3.842077,13.37,-237800,0.108992,18.690995
2026-07-24T02:10:41.287646+00:00,183,g183_0183_4367,hit_first_temporal_robustness,loto7-hit-first-2026.07.22-v1,17.441401,12.70491,12.06521,12.632862,60.668035,2.114754,7.104,0,0,12.868852,3.916393,13.953,-236200,0.104439,18.690995
2026-07-24T02:36:13.721661+00:00,184,g184_1844_8679,hit_first_temporal_robustness,loto7-hit-first-2026.07.22-v1,12.181822,9.590165,9.239125,9.39492,36.021859,1.721311,3.279,0,0,9.765027,5.754098,11.475,-243000,0.15873,18.690995
2026-07-24T02:37:05.551383+00:00,185,g185_1852_2085,hit_first_temporal_robustness,loto7-hit-first-2026.07.22-v1,12.058208,9.426215,8.91304,9.120767,36.523225,1.721311,2.732,0,0,9.808743,5.70765,11.184,-243800,0.172638,18.690995
2026-07-24T02:49:36.497663+00:00,186,g186_0186_1300,hit_first_temporal_robustness,loto7-hit-first-2026.07.22-v1,18.410624,12.841525,12.065205,12.468587,69.601093,2.142077,7.104,0,0,14.972678,3.707104,14.463,-234800,0.088161,18.690995
2026-07-24T02:51:57.715651+00:00,187,g187_1873_7242,hit_first_temporal_robustness,loto7-hit-first-2026.07.22-v1,11.875461,9.125685,8.22222,9.076083,37.405736,1.693989,2.186,0,0,9.934426,5.648634,10.965,-244400,0.17608,18.690995
2026-07-24T02:55:40.894844+00:00,188,g188_1883_2647,hit_first_temporal_robustness,loto7-hit-first-2026.07.22-v1,18.460694,13.305995,12.555565,13.369565,65.37705,2.147541,8.197,1,0,14.213115,3.915847,16.976,-227900,0.233906,18.690995
2026-07-24T08:38:21.222294+00:00,189,g189_1891_9739,hit_first_temporal_robustness,loto7-hit-first-2026.07.22-v1,15.330091,11.53005,9.77777,11.576078,50.877048,1.956284,5.464,1,0,11.967213,4.801093,13.552,-237300,0.163978,18.690995
2026-07-24T08:38:31.326245+00:00,190,g190_1904_4267,hit_first_temporal_robustness,loto7-hit-first-2026.07.22-v1,17.401146,12.622935,11.956515,12.693235,60.853822,2.142077,6.011,1,0,12.896175,3.904372,14.026,-236000,0.155844,18.690995
2026-07-24T08:38:41.344428+00:00,191,g191_1913_1026,hit_first_temporal_robustness,loto7-hit-first-2026.07.22-v1,14.077769,10.163935,9.565215,10.275355,49.647543,1.901639,2.186,0,0,11.491803,4.743169,11.475,-243000,0.152381,18.690995
2026-07-24T08:38:51.364007+00:00,192,g192_1921_1493,hit_first_temporal_robustness,loto7-hit-first-2026.07.22-v1,14.887795,11.14753,10.777765,11.195645,48.788254,1.934426,4.918,0,0,11.486339,4.855191,13.916,-236300,0.13089,18.690995
2026-07-24T09:06:29.810391+00:00,193,g193_0193_8671,hit_first_temporal_robustness,loto7-hit-first-2026.07.22-v1,15.271298,11.202165,9.444445,10.760865,53.829233,1.989071,3.825,1,0,12.437158,4.626776,13.77,-236700,0.18254,18.690995
2026-07-24T09:08:05.484563+00:00,194,g194_1942_7146,hit_first_temporal_robustness,loto7-hit-first-2026.07.22-v1,17.350944,12.158465,10.999995,12.01086,65.187162,2.081967,5.464,1,0,14.136612,3.905464,17.231,-227200,0.230444,18.690995
2026-07-24T09:12:09.892280+00:00,195,g195_1951_3720,hit_first_temporal_robustness,loto7-hit-first-2026.07.22-v1,15.346614,11.14752,10.111105,11.195645,53.909838,1.978142,3.825,1,0,12.42623,4.610929,12.058,-241400,0.208459,18.690995
2026-07-24T09:13:44.839233+00:00,196,g196_0196_5012,hit_first_temporal_robustness,loto7-hit-first-2026.07.22-v1,15.127995,11.284135,10.326085,11.15216,50.647542,1.939891,4.918,1,0,11.868852,4.785792,14.499,-234700,0.311558,18.690995
2026-07-24T09:16:19.975997+00:00,197,g197_0197_6544,hit_first_temporal_robustness,loto7-hit-first-2026.07.22-v1,18.590278,13.25136,12.1111,13.206523,67.606557,2.180328,7.104,2,0,14.540984,3.771585,17.851,-225500,0.222449,18.690995
2026-07-24T09:17:16.687455+00:00,198,g198_1982_7622,hit_first_temporal_robustness,loto7-hit-first-2026.07.22-v1,15.733296,11.91255,10.44444,12.173903,50.980877,2.0,6.011,1,0,11.896175,4.754098,15.228,-232700,0.165072,18.690995
2026-07-24T09:30:52.204229+00:00,199,g199_0199_7338,hit_first_temporal_robustness,loto7-hit-first-2026.07.22-v1,17.991385,12.459025,10.77777,12.826087,68.687157,2.098361,6.557,0,0,14.79235,3.744809,13.807,-236600,0.079156,18.690995
2026-07-24T09:31:10.504623+00:00,200,g200_2004_3959,hit_first_temporal_robustness,loto7-hit-first-2026.07.22-v1,16.920488,11.93987,10.0,12.06521,63.147542,2.071038,4.918,1,0,13.508197,3.884153,14.463,-234800,0.151134,18.690995
2026-07-24T09:40:26.205592+00:00,201,g201_2012_3567,hit_first_temporal_robustness,loto7-hit-first-2026.07.22-v1,17.25493,11.939885,11.222215,11.793473,65.840165,2.103825,4.372,1,0,14.262295,3.877049,14.572,-234500,0.2725,18.690995
2026-07-24T09:41:22.595885+00:00,202,g202_2024_1921,hit_first_temporal_robustness,loto7-hit-first-2026.07.22-v1,17.992291,12.759555,11.44444,12.554353,66.38525,2.125683,7.104,0,0,14.245902,3.796721,11.512,-242900,0.06962,18.690995
2026-07-24T12:48:00.038657+00:00,203,g203_0203_4615,hit_first_temporal_robustness,loto7-hit-first-2026.07.22-v1,18.728794,13.224025,12.49999,13.291075,68.770487,2.196721,7.104,1,0,14.786885,3.731148,15.446,-232100,0.167453,18.728794
2026-07-24T12:48:19.903734+00:00,204,g204_2044_6676,hit_first_temporal_robustness,loto7-hit-first-2026.07.22-v1,11.679727,9.01638,8.22222,8.804345,36.53962,1.704918,1.639,0,0,9.808743,5.705464,12.204,-241000,0.149254,18.728794
2026-07-24T12:50:49.292932+00:00,205,g205_0205_8159,hit_first_temporal_robustness,loto7-hit-first-2026.07.22-v1,15.211065,11.311455,10.999985,11.141295,50.760926,1.945355,4.918,1,0,11.907104,4.788525,16.102,-230300,0.246606,18.728794
2026-07-24T12:50:52.740711+00:00,206,g206_2064_8233,hit_first_temporal_robustness,loto7-hit-first-2026.07.22-v1,16.536581,12.1858,10.66666,12.01086,57.118852,2.065574,5.464,2,0,12.0,3.984153,17.851,-225500,0.144898,18.728794
2026-07-24T12:51:50.334336+00:00,207,g207_0207_5574,hit_first_temporal_robustness,loto7-hit-first-2026.07.22-v1,15.491818,11.557385,10.999995,11.358685,51.586064,1.983607,5.464,0,0,11.983607,4.714208,11.585,-242700,0.125786,18.728794
2026-07-24T12:53:24.856703+00:00,208,g208_0208_6349,hit_first_temporal_robustness,loto7-hit-first-2026.07.22-v1,15.669755,11.93989,11.1111,11.467382,50.468578,1.972678,6.557,1,0,11.863388,4.807104,16.503,-229200,0.156733,18.728794
2026-07-24T12:54:00.264932+00:00,209,g209_0209_6640,hit_first_temporal_robustness,loto7-hit-first-2026.07.22-v1,15.610771,11.885245,11.304335,11.647343,49.890711,1.961749,6.557,1,0,11.748634,4.830601,16.284,-229800,0.243848,18.728794
2026-07-24T12:54:34.834213+00:00,210,g210_0210_4799,hit_first_temporal_robustness,loto7-hit-first-2026.07.22-v1,17.704483,12.513655,10.666665,12.8261,65.524591,2.142077,6.011,0,0,14.114754,3.850273,15.847,-231000,0.091954,18.728794
2026-07-24T12:54:41.014255+00:00,211,g211_0211_1711,hit_first_temporal_robustness,loto7-hit-first-2026.07.22-v1,17.462508,12.73224,11.888875,12.826087,60.596994,2.131148,6.557,1,0,12.907104,3.943716,16.976,-227900,0.152361,18.728794
2026-07-24T12:58:32.155250+00:00,212,g212_2121_5299,hit_first_temporal_robustness,loto7-hit-first-2026.07.22-v1,15.171392,11.01091,9.347825,10.984293,53.978139,1.95082,3.825,1,0,12.448087,4.612022,13.333,-237900,0.166667,18.728794
2026-07-24T12:58:52.372944+00:00,213,g213_0213_3749,hit_first_temporal_robustness,loto7-hit-first-2026.07.22-v1,18.59678,13.770475,11.888875,13.04348,64.411202,2.174863,9.29,1,0,13.928962,3.912022,19.854,-220000,0.2,18.728794
2026-07-24T13:01:18.667203+00:00,214,g214_0214_7704,hit_first_temporal_robustness,loto7-hit-first-2026.07.22-v1,18.089203,12.6776,11.666655,12.717382,67.554644,2.163934,5.464,2,0,14.584699,3.798907,17.195,-227300,0.230932,18.728794
2026-07-24T13:02:53.417756+00:00,215,g215_0215_8171,hit_first_temporal_robustness,loto7-hit-first-2026.07.22-v1,15.539749,11.55736,10.88888,11.141298,52.415305,1.994536,4.918,1,0,12.191257,4.700546,15.519,-231900,0.161972,18.728794
2026-07-24T13:03:27.743599+00:00,216,g216_2163_9249,hit_first_temporal_robustness,loto7-hit-first-2026.07.22-v1,15.958787,12.185785,10.88888,12.11957,51.032787,2.032787,6.011,2,0,11.868852,4.734426,16.138,-230200,0.155756,18.728794
2026-07-24T13:20:30.294322+00:00,217,g217_0217_4156,hit_first_temporal_robustness,loto7-hit-first-2026.07.22-v1,14.655952,10.983585,9.77777,10.869557,48.808739,1.945355,3.825,1,0,11.584699,4.898361,14.572,-234500,0.15,18.728794
2026-07-24T13:24:20.314687+00:00,218,g218_0218_9984,hit_first_temporal_robustness,loto7-hit-first-2026.07.22-v1,17.779054,12.295065,10.77777,12.228252,68.428965,2.142077,4.918,1,0,14.759563,3.763934,13.406,-237700,0.277174,18.728794
2026-07-24T13:25:18.018286+00:00,219,g219_2191_6885,hit_first_temporal_robustness,loto7-hit-first-2026.07.22-v1,14.669983,10.87432,9.782605,10.824867,49.763661,1.912568,4.372,0,0,11.748634,4.847541,14.026,-236000,0.114286,18.728794
2026-07-24T13:26:51.942545+00:00,220,g220_2203_4050,hit_first_temporal_robustness,loto7-hit-first-2026.07.22-v1,15.348076,11.338805,10.326085,11.307975,52.278686,1.939891,5.464,0,0,12.147541,4.698361,13.078,-238600,0.133705,18.728794
2026-07-24T13:32:33.473653+00:00,221,g221_2213_1942,hit_first_temporal_robustness,loto7-hit-first-2026.07.22-v1,18.661393,13.22405,11.777765,13.478262,68.449451,2.185792,7.65,0,0,14.743169,3.753552,14.026,-236000,0.103896,18.728794
2026-07-24T13:32:53.249196+00:00,222,g222_0222_6288,hit_first_temporal_robustness,loto7-hit-first-2026.07.22-v1,14.208548,10.300535,9.11111,10.380427,50.236336,1.896175,2.732,0,0,11.775956,4.797268,11.985,-241600,0.145897,18.728794
2026-07-24T13:33:51.545021+00:00,223,g223_0223_5003,hit_first_temporal_robustness,loto7-hit-first-2026.07.22-v1,18.425109,13.224035,11.55555,12.934783,66.916664,2.174863,7.104,2,0,14.398907,3.797268,17.887,-225400,0.221996,18.728794
2026-07-24T13:45:58.786929+00:00,224,g224_0224_3748,hit_first_temporal_robustness,loto7-hit-first-2026.07.22-v1,17.880588,12.404375,10.77777,12.826075,67.961752,2.153005,5.464,0,0,14.693989,3.795628,13.916,-236300,0.104712,18.728794
2026-07-24T13:46:02.180080+00:00,225,g225_2251_7055,hit_first_temporal_robustness,loto7-hit-first-2026.07.22-v1,12.020077,9.42622,8.47826,9.288642,36.288254,1.73224,2.186,1,0,9.699454,5.687978,11.913,-241800,0.217125,18.728794
2026-07-24T13:46:21.946510+00:00,226,g226_2262_7289,hit_first_temporal_robustness,loto7-hit-first-2026.07.22-v1,14.911196,10.92895,10.333325,10.86956,51.299183,1.956284,3.825,0,0,11.885246,4.706557,11.002,-244300,0.125828,18.728794
2026-07-24T13:46:41.596907+00:00,227,g227_2271_5634,hit_first_temporal_robustness,loto7-hit-first-2026.07.22-v1,18.143574,13.142075,11.55554,13.532608,63.957653,2.103825,7.65,3,0,13.808743,3.916393,22.186,-213600,0.178982,18.728794
2026-07-24T13:46:52.625006+00:00,228,g228_2281_4804,hit_first_temporal_robustness,loto7-hit-first-2026.07.22-v1,17.504013,12.486335,11.55554,12.608683,63.26093,2.081967,6.557,1,0,13.530055,3.879235,13.588,-237200,0.160858,18.728794
2026-07-24T13:47:50.720173+00:00,229,g229_2291_7446,hit_first_temporal_robustness,loto7-hit-first-2026.07.22-v1,18.050163,12.759545,11.888875,12.880422,66.21721,2.169399,6.011,1,0,14.311475,3.849727,13.333,-237900,0.193989,18.728794
2026-07-24T13:48:10.485101+00:00,230,g230_2302_3289,hit_first_temporal_robustness,loto7-hit-first-2026.07.22-v1,15.551265,11.557385,10.88888,11.52173,52.073772,1.983607,5.464,0,0,12.032787,4.672131,12.641,-239800,0.112392,18.728794
2026-07-24T13:49:09.049797+00:00,231,g231_0231_9820,hit_first_temporal_robustness,loto7-hit-first-2026.07.22-v1,17.604029,12.349725,11.666655,12.391293,65.389342,2.120219,5.464,1,0,14.163934,3.891257,14.9,-233600,0.266504,18.728794
2026-07-24T13:49:20.044439+00:00,232,g232_2321_4352,hit_first_temporal_robustness,loto7-hit-first-2026.07.22-v1,15.021947,11.202175,10.333325,11.141295,50.168033,1.945355,4.918,0,0,11.688525,4.765574,12.75,-239500,0.12,18.728794
2026-07-24T14:13:09.331496+00:00,233,g233_2334_7599,hit_first_temporal_robustness,loto7-hit-first-2026.07.22-v1,17.892903,12.26775,9.88889,12.880425,69.68716,2.114754,4.918,2,0,15.021858,3.718579,14.608,-234400,0.27182,18.728794
2026-07-24T14:13:30.180774+00:00,234,g234_0234_3132,hit_first_temporal_robustness,loto7-hit-first-2026.07.22-v1,14.868079,11.147535,9.11111,11.684773,49.33743,1.945355,4.372,1,0,11.63388,4.85082,15.009,-233300,0.264563,18.728794
2026-07-24T14:21:57.548820+00:00,235,g235_0235_3511,hit_first_temporal_robustness,loto7-hit-first-2026.07.22-v1,18.160037,12.75957,11.666655,12.82609,67.558743,2.15847,6.557,0,0,14.617486,3.813661,13.479,-237500,0.083784,18.728794
2026-07-24T14:23:32.134597+00:00,236,g236_2362_3606,hit_first_temporal_robustness,loto7-hit-first-2026.07.22-v1,12.65619,10.02731,9.45652,9.893712,36.933062,1.775956,3.825,0,0,9.923497,5.706557,11.148,-243900,0.137255,18.728794
2026-07-24T14:26:03.262320+00:00,237,g237_0237_3923,hit_first_temporal_robustness,loto7-hit-first-2026.07.22-v1,14.735159,10.68305,9.77777,10.923905,51.639342,1.907104,3.825,0,0,12.04918,4.737705,10.783,-244900,0.111486,18.728794
2026-07-24T14:26:38.157526+00:00,238,g238_0238_8003,hit_first_temporal_robustness,loto7-hit-first-2026.07.22-v1,12.371254,9.754085,9.021735,9.61352,36.680329,1.721311,3.825,0,0,9.819672,5.691803,11.002,-244300,0.165563,18.728794
2026-07-24T14:27:13.395648+00:00,239,g239_0239_6096,hit_first_temporal_robustness,loto7-hit-first-2026.07.22-v1,15.675592,11.77595,10.77777,11.684773,51.680328,2.005464,5.464,1,0,11.967213,4.693989,15.665,-231500,0.183721,18.728794
2026-07-24T14:39:18.527098+00:00,240,g240_2401_9723,hit_first_temporal_robustness,loto7-hit-first-2026.07.22-v1,18.399287,12.814215,11.333325,12.71738,69.965849,2.169399,6.557,0,0,15.005464,3.67377,13.843,-236500,0.1,18.728794
2026-07-24T14:39:29.746835+00:00,241,g241_0241_3047,hit_first_temporal_robustness,loto7-hit-first-2026.07.22-v1,14.917522,11.09289,10.652165,11.099023,49.684429,1.934426,4.372,1,0,11.672131,4.822404,13.151,-238400,0.191136,18.728794
2026-07-24T14:39:33.152916+00:00,242,g242_0242_7587,hit_first_temporal_robustness,loto7-hit-first-2026.07.22-v1,14.889738,11.448085,10.33332,11.521742,46.668034,1.874317,6.557,1,0,11.065574,4.94153,16.685,-228700,0.131004,18.728794
2026-07-24T14:41:08.301519+00:00,243,g243_0243_2553,hit_first_temporal_robustness,loto7-hit-first-2026.07.22-v1,18.152093,12.841515,11.333325,13.206508,66.715851,2.142077,6.011,3,0,14.382514,3.816393,16.976,-227900,0.212446,18.728794
2026-07-24T14:49:35.729202+00:00,244,g244_2443_7071,hit_first_temporal_robustness,loto7-hit-first-2026.07.22-v1,15.217128,11.065565,9.555555,11.52173,53.241807,1.983607,3.825,0,0,12.327869,4.654098,11.658,-242500,0.096875,18.728794
