created_at,iteration,genome_id,objective_score,roi_percent,profit,grade_hit_count,high_grade_hit_count,max_main_match,rank_3,rank_4,rank_5,rank_6,best_objective_score,best_roi_percent,best_profit
2026-07-05T00:05:56.767844+00:00,1,g001_0001_9065,14138.48,17.234,-415900,67,2,5,0,2,26,39,14138.48,17.234,-415900
2026-07-05T00:07:41.258432+00:00,2,g002_0002_9574,7793.38,13.234,-436000,64,0,4,0,0,19,45,14138.48,17.234,-415900
2026-07-05T00:09:27.097403+00:00,3,g003_0003_9235,9836.15,12.299,-440700,54,1,5,0,1,18,35,14138.48,17.234,-415900
2026-07-05T00:10:00.881548+00:00,4,g004_0004_7176,7286.46,11.483,-444800,56,0,4,0,0,19,37,14138.48,17.234,-415900
2026-07-05T00:10:19.317854+00:00,5,g005_0005_2325,9402.59,10.627,-449100,48,1,5,0,1,18,29,14138.48,17.234,-415900
2026-07-05T00:10:52.762931+00:00,6,g006_0006_7617,7503.91,11.582,-444300,55,0,4,0,0,21,34,14138.48,17.234,-415900
2026-07-05T00:13:46.251007+00:00,7,g007_0007_6783,7180.23,10.547,-449500,50,0,4,0,0,21,29,14138.48,17.234,-415900
2026-07-05T00:14:19.912220+00:00,8,g008_0008_7711,16596.85,17.095,-416600,60,4,5,0,4,13,43,16596.85,17.095,-416600
2026-07-05T00:19:02.814481+00:00,9,g009_0009_7023,10030.61,12.179,-441300,53,1,5,0,1,20,32,16596.85,17.095,-416600
2026-07-05T00:20:03.038101+00:00,10,g010_0010_5036,10646.76,12.876,-437800,54,1,5,0,1,24,29,16596.85,17.095,-416600
2026-07-05T00:20:36.421073+00:00,11,g011_0011_4564,15069.27,15.861,-422800,64,3,5,0,3,18,43,16596.85,17.095,-416600
2026-07-05T00:21:36.363725+00:00,12,g012_0012_6634,6722.52,10.169,-451400,49,0,4,0,0,18,31,16596.85,17.095,-416600
2026-07-05T00:26:19.532228+00:00,13,g013_0013_3335,14574.76,15.085,-426700,51,3,5,0,3,19,29,16596.85,17.095,-416600
2026-07-05T00:26:29.940878+00:00,14,g014_0014_2906,12841.53,14.149,-431400,56,2,5,0,2,22,32,16596.85,17.095,-416600
2026-07-05T00:26:40.246672+00:00,15,g015_0015_6984,7086.2,11.204,-446200,55,0,4,0,0,18,37,16596.85,17.095,-416600
2026-07-05T00:26:58.681848+00:00,16,g016_0016_9076,9305.24,12.318,-440600,54,1,5,0,1,14,39,16596.85,17.095,-416600
2026-07-05T00:28:43.701896+00:00,17,g017_0017_4645,13762.06,16.478,-419700,63,2,5,0,2,25,36,16596.85,17.095,-416600
2026-07-05T00:30:28.670018+00:00,18,g018_0018_3421,8742.3,12.995,-437200,60,0,4,0,0,28,32,16596.85,17.095,-416600
2026-07-05T00:31:02.232938+00:00,19,g019_0019_8076,7687.25,12.1,-441700,58,0,4,0,0,21,37,16596.85,17.095,-416600
2026-07-05T00:42:31.436719+00:00,20,g020_0020_4380,9290.61,12.179,-441300,54,1,5,0,1,14,39,16596.85,17.095,-416600
2026-07-05T00:43:05.321633+00:00,21,g021_0021_3369,11971.55,13.493,-434700,49,2,5,0,2,18,29,16596.85,17.095,-416600
2026-07-05T00:54:25.446088+00:00,22,g022_0022_8133,11906.27,13.652,-433900,50,2,5,0,2,17,31,16596.85,17.095,-416600
2026-07-05T00:54:58.557298+00:00,23,g023_0023_8254,11030.7,14.408,-430100,65,1,5,0,1,22,42,16596.85,17.095,-416600
2026-07-05T01:06:14.583278+00:00,24,g024_0024_7146,13197.76,15.085,-426700,62,2,5,0,2,22,38,16596.85,17.095,-416600
2026-07-05T01:09:08.403811+00:00,25,g025_0025_9066,15125.45,15.9,-422600,56,3,5,0,3,21,32,16596.85,17.095,-416600
2026-07-05T01:09:18.616133+00:00,26,g026_0026_8297,15261.44,18.328,-410400,73,2,5,0,2,32,39,16596.85,17.095,-416600
2026-07-05T01:09:36.833212+00:00,27,g027_0027_6215,13198.16,16.279,-420700,62,2,5,0,2,21,39,16596.85,17.095,-416600
2026-07-05T01:09:47.221563+00:00,28,g028_0028_8674,8897.99,14.03,-432000,64,0,4,0,0,27,37,16596.85,17.095,-416600
2026-07-05T01:10:21.214089+00:00,29,g029_0029_6087,7831.06,12.279,-440800,58,0,4,0,0,22,36,16596.85,17.095,-416600
2026-07-05T01:21:40.322322+00:00,30,g030_0030_9293,6785.7,9.99,-452300,48,0,4,0,0,19,29,16596.85,17.095,-416600
2026-07-05T01:22:39.888048+00:00,31,g031_0031_1873,11406.59,14.826,-428000,64,1,5,0,1,25,38,16596.85,17.095,-416600
2026-07-05T01:27:19.070366+00:00,32,g032_0032_1656,12637.51,14.587,-429200,56,2,5,0,2,20,34,16596.85,17.095,-416600
2026-07-05T02:02:54.447314+00:00,33,g033_0033_5620,14172.59,14.826,-428000,51,3,5,0,3,16,32,16596.85,17.095,-416600
2026-07-05T02:14:04.436772+00:00,34,g034_0034_5349,7103.12,10.965,-447400,53,0,4,0,0,19,34,16596.85,17.095,-416600
2026-07-05T02:15:46.616624+00:00,35,g035_0035_2572,13330.1,15.602,-424100,58,2,5,0,2,24,32,16596.85,17.095,-416600
2026-07-05T02:17:28.542067+00:00,36,g036_0036_8909,12425.13,14.945,-427400,56,2,5,0,2,18,36,16596.85,17.095,-416600
2026-07-05T02:42:07.218025+00:00,37,g037_0037_1062,7351.74,11.323,-445600,55,0,4,0,0,20,35,16596.85,17.095,-416600
2026-07-05T02:43:50.050878+00:00,38,g038_0038_4594,13335.7,16.398,-420100,62,2,5,0,2,22,38,16596.85,17.095,-416600
2026-07-05T02:45:32.469266+00:00,39,g039_0039_8181,7824.08,11.841,-443000,56,0,4,0,0,23,33,16596.85,17.095,-416600
2026-07-05T02:50:11.511292+00:00,40,g040_0040_1198,14440.02,15.363,-425300,53,3,5,0,3,17,33,16596.85,17.095,-416600
2026-07-05T02:57:28.441039+00:00,41,g041_0041_2441,11838.19,13.413,-435100,49,2,5,0,2,17,30,16596.85,17.095,-416600
2026-07-05T02:57:38.666671+00:00,42,g042_0042_5556,10427.26,14.09,-431700,64,1,5,0,1,18,45,16596.85,17.095,-416600
2026-07-05T02:57:48.949134+00:00,43,g043_0043_2414,6748.98,10.05,-452000,47,0,4,0,0,19,28,16596.85,17.095,-416600
2026-07-05T03:02:25.291799+00:00,44,g044_0044_7056,7225.06,12.279,-440800,59,0,4,0,0,17,42,16596.85,17.095,-416600
2026-07-05T03:52:42.537064+00:00,45,g045_0045_2011,7121.22,10.766,-448400,51,0,4,0,0,20,31,16596.85,17.095,-416600
2026-07-05T03:57:18.184967+00:00,46,g046_0046_9599,11030.88,14.448,-429900,62,1,5,0,1,23,38,16596.85,17.095,-416600
2026-07-05T03:57:36.206356+00:00,47,g047_0047_5027,11173.13,14.945,-427400,67,1,5,0,1,22,44,16596.85,17.095,-416600
2026-07-05T03:57:54.237141+00:00,48,g048_0048_2888,10252.95,12.697,-438700,54,1,5,0,1,21,32,16596.85,17.095,-416600
2026-07-05T04:02:33.506778+00:00,49,g049_0049_9627,12844.33,14.547,-429400,58,2,5,0,2,21,35,16596.85,17.095,-416600
2026-07-05T04:04:16.182921+00:00,50,g050_0050_8609,10688.38,13.234,-436000,57,1,5,0,1,23,33,16596.85,17.095,-416600
2026-07-05T04:04:26.403473+00:00,51,g051_0051_2403,9858.43,12.139,-441500,52,1,5,0,1,19,32,16596.85,17.095,-416600
2026-07-05T04:04:36.719253+00:00,52,g052_0052_1803,12058.9,14.01,-432100,56,2,5,0,2,16,38,16596.85,17.095,-416600
2026-07-05T04:05:09.977726+00:00,53,g053_0053_9131,12404.23,14.746,-428400,56,2,5,0,2,18,36,16596.85,17.095,-416600
2026-07-05T04:08:01.295667+00:00,54,g054_0054_7054,10298.04,12.716,-438600,55,1,5,0,1,21,33,16596.85,17.095,-416600
2026-07-05T04:10:51.430711+00:00,55,g055_0055_6428,12357.0,13.592,-434200,49,2,5,0,2,21,26,16596.85,17.095,-416600
2026-07-05T04:13:42.956560+00:00,56,g056_0056_4115,10151.43,12.139,-441500,53,1,5,0,1,21,31,16596.85,17.095,-416600
2026-07-05T04:38:21.470355+00:00,57,g057_0057_6832,10255.93,13.134,-436500,53,1,5,0,1,21,31,16596.85,17.095,-416600
2026-07-05T04:38:31.785119+00:00,58,g058_0058_7329,12431.89,14.229,-431000,55,2,5,0,2,19,34,16596.85,17.095,-416600
2026-07-05T04:38:41.974986+00:00,59,g059_0059_9333,9115.93,11.144,-446500,49,1,5,0,1,15,33,16596.85,17.095,-416600
2026-07-05T04:38:52.231449+00:00,60,g060_0060_8376,13661.07,16.259,-420800,67,2,5,0,2,23,42,16596.85,17.095,-416600
2026-07-05T04:40:34.327334+00:00,61,g061_0061_3763,13527.89,16.219,-421000,64,2,5,0,2,23,39,16596.85,17.095,-416600
2026-07-05T04:41:07.321497+00:00,62,g062_0062_2612,10407.81,13.771,-433300,61,1,5,0,1,19,41,16596.85,17.095,-416600
2026-07-05T04:41:25.315318+00:00,63,g063_0063_6227,11956.19,13.413,-435100,55,2,5,0,2,16,37,16596.85,17.095,-416600
2026-07-05T04:58:07.394713+00:00,64,g064_0064_2743,9626.04,12.716,-438600,51,1,5,0,1,17,33,16596.85,17.095,-416600
2026-07-05T23:15:14.493371+00:00,65,g065_0065_6738,15402.45,18.109,-411500,71,2,5,0,2,34,35,16596.85,17.095,-416600
2026-07-05T23:16:13.938280+00:00,66,g066_0066_8343,10369.59,12.617,-439100,54,1,5,0,1,22,31,16596.85,17.095,-416600
2026-07-05T23:17:57.426550+00:00,67,g067_0067_6576,13003.66,15.284,-425700,57,2,5,0,2,22,33,16596.85,17.095,-416600
2026-07-05T23:18:30.808637+00:00,68,g068_0068_6875,13422.9,16.0,-422100,65,2,5,0,2,22,41,16596.85,17.095,-416600
2026-07-05T23:21:24.528445+00:00,69,g069_0069_6991,10150.05,12.498,-439700,55,1,5,0,1,20,34,16596.85,17.095,-416600
2026-07-05T23:21:34.924463+00:00,70,g070_0070_1198,10533.41,12.577,-439300,55,1,5,0,1,23,31,16596.85,17.095,-416600
2026-07-05T23:21:45.237280+00:00,71,g071_0071_7744,12511.98,14.249,-430900,60,2,5,0,2,18,40,16596.85,17.095,-416600
2026-07-05T23:29:05.516859+00:00,72,g072_0072_2552,8009.51,12.378,-440300,59,0,4,0,0,23,36,16596.85,17.095,-416600
2026-07-05T23:30:49.582249+00:00,73,g073_0073_9315,14671.92,15.562,-424300,55,3,5,0,3,18,34,16596.85,17.095,-416600
2026-07-05T23:38:09.614518+00:00,74,g074_0074_7227,7117.04,10.726,-448600,51,0,4,0,0,20,31,16596.85,17.095,-416600
2026-07-06T00:02:54.534844+00:00,75,g075_0075_7257,10114.03,12.935,-437500,56,1,5,0,1,19,36,16596.85,17.095,-416600
2026-07-06T00:52:52.722735+00:00,76,g076_0076_8709,12561.85,15.104,-426600,59,2,5,0,2,18,39,16596.85,17.095,-416600
2026-07-06T00:53:03.124139+00:00,77,g077_0077_5419,11610.12,15.164,-426300,65,1,5,0,1,26,38,16596.85,17.095,-416600
2026-07-06T00:53:36.443458+00:00,78,g078_0078_7865,7626.82,11.562,-444400,55,0,4,0,0,22,33,16596.85,17.095,-416600
2026-07-06T00:54:09.990308+00:00,79,g079_0079_8956,7911.64,11.522,-444600,53,0,4,0,0,25,28,16596.85,17.095,-416600
2026-07-06T00:54:28.230463+00:00,80,g080_0080_4025,12376.83,13.333,-435500,53,2,5,0,2,20,31,16596.85,17.095,-416600
2026-07-06T00:54:38.640577+00:00,81,g081_0081_7041,7272.68,10.647,-449000,49,0,4,0,0,22,27,16596.85,17.095,-416600
2026-07-06T00:55:11.795222+00:00,82,g082_0082_7380,7816.43,12.139,-441500,58,0,4,0,0,22,36,16596.85,17.095,-416600
2026-07-06T00:56:11.084813+00:00,83,g083_0083_1415,12936.11,15.383,-425200,61,2,5,0,2,20,39,16596.85,17.095,-416600
2026-07-06T00:57:10.498983+00:00,84,g084_0084_4584,10606.9,14.01,-432100,62,1,5,0,1,20,41,16596.85,17.095,-416600
2026-07-06T00:58:09.748073+00:00,85,g085_0085_6630,10359.85,12.896,-437700,56,1,5,0,1,21,34,16596.85,17.095,-416600
2026-07-06T01:09:24.955999+00:00,86,g086_0086_7523,10650.27,13.652,-433900,58,1,5,0,1,22,35,16596.85,17.095,-416600
2026-07-06T01:11:08.029061+00:00,87,g087_0087_7931,10255.53,11.94,-442500,53,1,5,0,1,22,30,16596.85,17.095,-416600
2026-07-06T01:35:46.356954+00:00,88,g088_0088_4055,7577.55,11.502,-444700,54,0,4,0,0,22,32,16596.85,17.095,-416600
2026-07-06T01:37:29.078605+00:00,89,g089_0089_6796,12005.3,12.995,-437200,51,2,5,0,2,18,31,16596.85,17.095,-416600
2026-07-06T01:39:11.616920+00:00,90,g090_0090_3832,12324.8,13.99,-432200,56,2,5,0,2,18,36,16596.85,17.095,-416600
2026-07-06T01:50:29.367738+00:00,91,g091_0091_4970,9352.83,11.343,-445500,48,1,5,0,1,17,30,16596.85,17.095,-416600
2026-07-06T01:50:39.646600+00:00,92,g092_0092_6531,9725.07,12.06,-441900,52,1,5,0,1,18,33,16596.85,17.095,-416600
2026-07-06T01:55:20.922827+00:00,93,g093_0093_7248,12642.17,13.851,-432900,55,2,5,0,2,21,32,16596.85,17.095,-416600
2026-07-06T01:55:53.915558+00:00,94,g094_0094_8756,12840.15,14.507,-429600,58,2,5,0,2,21,35,16596.85,17.095,-416600
2026-07-06T01:56:04.289987+00:00,95,g095_0095_8218,13463.88,16.438,-419900,68,2,5,0,2,21,45,16596.85,17.095,-416600
2026-07-06T02:07:23.792907+00:00,96,g096_0096_4368,8265.29,13.214,-436100,60,0,4,0,0,24,36,16596.85,17.095,-416600
2026-07-06T02:10:15.640745+00:00,97,g097_0097_4465,7474.16,12.08,-441800,56,0,4,0,0,20,36,16596.85,17.095,-416600
2026-07-06T02:10:25.910852+00:00,98,g098_0098_8551,8699.01,9.174,-456400,41,1,5,0,1,16,24,16596.85,17.095,-416600
2026-07-06T02:11:25.170449+00:00,99,g099_0099_8154,10440.65,13.294,-435700,54,1,5,0,1,22,31,16596.85,17.095,-416600
2026-07-06T02:13:08.584604+00:00,100,g100_0100_6472,10835.66,13.075,-436800,55,1,5,0,1,25,29,16596.85,17.095,-416600
2026-07-06T02:13:41.635476+00:00,101,g101_0101_7233,12167.44,14.129,-431500,52,2,5,0,2,18,32,16596.85,17.095,-416600
2026-07-06T02:14:40.892906+00:00,102,g102_0102_2065,11037.15,14.507,-429600,62,1,5,0,1,23,38,16596.85,17.095,-416600
2026-07-06T02:15:13.831149+00:00,103,g103_0103_9553,15225.01,15.582,-424200,62,3,5,0,3,20,39,16596.85,17.095,-416600
2026-07-06T02:16:57.446924+00:00,104,g104_0104_4136,14764.37,15.662,-423800,54,3,5,0,3,19,32,16596.85,17.095,-416600
2026-07-06T02:17:07.659654+00:00,105,g105_0105_3433,15007.92,17.552,-414300,69,2,5,0,2,32,35,16596.85,17.095,-416600
2026-07-06T02:34:01.918978+00:00,106,g106_0106_6857,12750.77,14.866,-427800,61,2,5,0,2,19,40,16596.85,17.095,-416600
2026-07-06T02:36:53.508593+00:00,107,g107_0107_6764,7836.62,11.96,-442400,56,0,4,0,0,23,33,16596.85,17.095,-416600
2026-07-06T02:48:11.326796+00:00,108,g108_0108_4021,9482.72,11.761,-443400,50,1,5,0,1,17,32,16596.85,17.095,-416600
2026-07-06T02:48:21.609043+00:00,109,g109_0109_5282,10246.68,12.637,-439000,54,1,5,0,1,21,32,16596.85,17.095,-416600
2026-07-06T02:48:54.845513+00:00,110,g110_0110_4859,7626.82,11.562,-444400,55,0,4,0,0,22,33,16596.85,17.095,-416600
2026-07-06T02:49:27.891920+00:00,111,g111_0111_9370,9510.38,11.244,-446000,49,1,5,0,1,18,30,16596.85,17.095,-416600
2026-07-06T02:50:27.184548+00:00,112,g112_0112_7007,8670.75,13.095,-436700,61,0,4,0,0,27,34,16596.85,17.095,-416600
2026-07-06T02:53:19.829209+00:00,113,g113_0113_6466,12905.72,15.96,-422300,62,2,5,0,2,19,41,16596.85,17.095,-416600
2026-07-06T02:54:18.729877+00:00,114,g114_0114_8079,13023.49,15.025,-427000,61,2,5,0,2,21,38,16596.85,17.095,-416600
2026-07-06T03:11:13.470008+00:00,115,g115_0115_5717,14125.94,17.114,-416500,67,2,5,0,2,26,39,16596.85,17.095,-416600
2026-07-06T03:11:23.729149+00:00,116,g116_0116_7258,12721.42,14.567,-429300,58,2,5,0,2,20,36,16596.85,17.095,-416600
2026-07-06T03:16:03.721994+00:00,117,g117_0117_4194,10594.7,14.408,-430100,64,1,5,0,1,19,44,16596.85,17.095,-416600
2026-07-06T03:20:42.359861+00:00,118,g118_0118_9251,10216.75,13.095,-436700,58,1,5,0,1,19,38,16596.85,17.095,-416600
2026-07-06T03:21:15.604453+00:00,119,g119_0119_4308,10375.86,12.677,-438800,54,1,5,0,1,22,31,16596.85,17.095,-416600
2026-07-06T03:21:49.025180+00:00,120,g120_0120_3170,9544.53,11.94,-442500,51,1,5,0,1,17,33,16596.85,17.095,-416600
2026-07-06T03:23:32.375377+00:00,121,g121_0121_6423,6706.51,10.388,-450300,51,0,4,0,0,17,34,16596.85,17.095,-416600
2026-07-06T03:34:46.173212+00:00,122,g122_0122_3358,8156.12,12.955,-437400,61,0,4,0,0,23,38,16596.85,17.095,-416600
2026-07-06T03:34:56.421796+00:00,123,g123_0123_6195,13422.19,15.622,-424000,63,2,5,0,2,23,38,16596.85,17.095,-416600
2026-07-06T03:35:29.695458+00:00,124,g124_0124_2516,9323.37,11.463,-444900,50,1,5,0,1,16,33,16596.85,17.095,-416600
2026-07-06T03:37:12.129734+00:00,125,g125_0125_2481,12241.6,14.607,-429100,59,2,5,0,2,16,41,16596.85,17.095,-416600
2026-07-06T03:41:55.127942+00:00,126,g126_0126_3325,9907.7,12.199,-441200,53,1,5,0,1,19,33,16596.85,17.095,-416600
2026-07-06T03:42:13.223251+00:00,127,g127_0127_3163,12204.66,15.284,-425700,64,1,5,0,1,31,32,16596.85,17.095,-416600
2026-07-06T03:43:12.552752+00:00,128,g128_0128_7324,10011.4,12.796,-438200,57,1,5,0,1,18,38,16596.85,17.095,-416600
2026-07-06T03:46:04.397810+00:00,129,g129_0129_1294,7543.58,10.846,-448000,49,0,4,0,0,24,25,16596.85,17.095,-416600
2026-07-06T03:57:22.605626+00:00,130,g130_0130_3428,12156.27,13.652,-433900,50,2,5,0,2,19,29,16596.85,17.095,-416600
2026-07-06T20:48:25.015572+00:00,131,g131_0131_1849,11984.23,14.746,-428400,66,1,5,0,1,29,36,16596.85,17.095,-416600
2026-07-06T20:50:08.602924+00:00,132,g132_0132_6777,15169.88,16.438,-419900,65,3,5,0,3,18,44,16596.85,17.095,-416600
2026-07-06T20:57:31.735893+00:00,133,g133_0133_5239,11236.57,13.055,-436900,48,2,5,0,2,13,33,16596.85,17.095,-416600
2026-07-06T21:02:11.421146+00:00,134,g134_0134_4162,12998.21,15.184,-426200,63,2,5,0,2,20,41,16596.85,17.095,-416600
2026-07-06T21:02:21.770344+00:00,135,g135_0135_4251,9551.47,11.264,-445900,47,1,5,0,1,19,27,16596.85,17.095,-416600
2026-07-06T21:04:06.085592+00:00,136,g136_0136_5049,11157.26,14.09,-431700,60,1,5,0,1,25,34,16596.85,17.095,-416600
2026-07-06T21:04:16.312612+00:00,137,g137_0137_4854,7738.41,12.577,-439300,61,0,4,0,0,20,41,16596.85,17.095,-416600
2026-07-06T21:11:41.997945+00:00,138,g138_0138_4962,9807.07,12.06,-441900,51,1,5,0,1,19,31,16596.85,17.095,-416600
2026-07-06T21:11:52.402040+00:00,139,g139_0139_1360,12782.52,14.368,-430300,57,2,5,0,2,21,34,16596.85,17.095,-416600
2026-07-06T21:19:15.088802+00:00,140,g140_0140_8487,9798.71,11.98,-442300,51,1,5,0,1,19,31,16596.85,17.095,-416600
2026-07-06T21:55:25.037117+00:00,141,g141_0141_1822,9506.07,12.06,-441900,53,1,5,0,1,16,36,16596.85,17.095,-416600
2026-07-06T21:57:09.353840+00:00,142,g142_0142_3848,12906.5,14.806,-428100,53,2,5,0,2,23,28,16596.85,17.095,-416600
2026-07-06T21:58:54.278229+00:00,143,g143_0143_5069,10339.62,11.96,-442400,52,1,5,0,1,23,28,16596.85,17.095,-416600
2026-07-06T22:01:48.389539+00:00,144,g144_0144_8992,8050.6,12.398,-440200,57,0,4,0,0,24,33,16596.85,17.095,-416600
2026-07-06T22:37:46.882339+00:00,145,g145_0145_9781,10974.85,15.104,-426600,62,1,5,0,1,22,39,16596.85,17.095,-416600
2026-07-06T22:45:12.834264+00:00,146,g146_0146_7051,10366.61,12.179,-441300,55,1,5,0,1,22,32,16596.85,17.095,-416600
2026-07-06T22:45:31.221686+00:00,147,g147_0147_7835,13739.6,16.597,-419100,68,2,5,0,2,23,43,16596.85,17.095,-416600
2026-07-06T22:45:49.529464+00:00,148,g148_0148_5801,7017.62,11.96,-442400,58,0,4,0,0,16,42,16596.85,17.095,-416600
2026-07-06T23:02:50.754759+00:00,149,g149_0149_5367,11648.76,15.085,-426700,69,1,5,0,1,25,43,16596.85,17.095,-416600
2026-07-06T23:03:50.946449+00:00,150,g150_0150_2141,10695.36,13.672,-433800,59,1,5,0,1,22,36,16596.85,17.095,-416600
2026-07-06T23:04:09.425361+00:00,151,g151_0151_7475,12662.7,14.408,-430100,60,2,5,0,2,19,39,16596.85,17.095,-416600
2026-07-06T23:04:27.749445+00:00,152,g152_0152_8880,9776.5,12.597,-439200,55,1,5,0,1,17,37,16596.85,17.095,-416600
2026-07-06T23:05:01.717370+00:00,153,g153_0153_5887,12610.29,13.214,-436100,50,2,5,0,2,23,25,16596.85,17.095,-416600
2026-07-06T23:22:06.001567+00:00,154,g154_0154_4943,9205.66,15.284,-425700,71,0,4,0,0,26,45,16596.85,17.095,-416600
2026-07-06T23:22:24.645444+00:00,155,g155_0155_4999,13608.11,15.383,-425200,65,2,5,0,2,24,39,16596.85,17.095,-416600
2026-07-06T23:22:58.542547+00:00,156,g156_0156_2777,13215.19,15.622,-424000,64,2,5,0,2,21,41,16596.85,17.095,-416600
2026-07-06T23:23:32.613245+00:00,157,g157_0157_6021,10177.22,12.756,-438400,55,1,5,0,1,20,34,16596.85,17.095,-416600
2026-07-06T23:30:59.514429+00:00,158,g158_0158_6222,15178.41,16.776,-418200,58,3,5,0,3,20,35,16596.85,17.095,-416600
2026-07-06T23:32:44.050796+00:00,159,g159_0159_7555,13385.95,14.905,-427600,61,2,5,0,2,24,35,16596.85,17.095,-416600
2026-07-06T23:32:54.686344+00:00,160,g160_0160_1905,13121.52,16.358,-420300,63,2,5,0,2,20,41,16596.85,17.095,-416600
2026-07-06T23:33:55.450677+00:00,161,g161_0161_8209,10751.62,14.169,-431300,62,1,5,0,1,21,40,16596.85,17.095,-416600
2026-07-06T23:34:29.631964+00:00,162,g162_0162_3920,14297.59,14.826,-428000,51,3,5,0,3,17,31,16596.85,17.095,-416600
2026-07-06T23:36:14.323362+00:00,163,g163_0163_6488,7090.05,10.507,-449700,48,0,4,0,0,21,27,16596.85,17.095,-416600
2026-07-06T23:41:00.205127+00:00,164,g164_0164_9775,11405.88,14.448,-429900,62,1,5,0,1,26,35,16596.85,17.095,-416600
2026-07-06T23:42:44.466165+00:00,165,g165_0165_5064,15374.38,15.443,-424900,60,3,5,0,3,22,35,16596.85,17.095,-416600
2026-07-06T23:43:18.557866+00:00,166,g166_0166_3448,7724.16,12.08,-441800,56,0,4,0,0,22,34,16596.85,17.095,-416600
2026-07-07T00:08:32.684992+00:00,167,g167_0167_5511,11348.96,14.687,-428700,63,1,5,0,1,25,37,16596.85,17.095,-416600
2026-07-07T00:09:06.537733+00:00,168,g168_0168_4117,31746.34,89.91,-50700,53,4,6,1,3,11,38,31746.34,89.91,-50700
2026-07-07T00:12:02.329778+00:00,169,g169_0169_9705,7807.54,11.721,-443600,53,0,4,0,0,24,29,31746.34,89.91,-50700
2026-07-07T00:13:02.723243+00:00,170,g170_0170_1667,7203.22,10.766,-448400,50,0,4,0,0,21,29,31746.34,89.91,-50700
2026-07-07T00:30:09.265629+00:00,171,g171_0171_8386,9299.38,11.244,-446000,47,1,5,0,1,17,29,31746.34,89.91,-50700
2026-07-07T00:30:27.959206+00:00,172,g172_0172_5546,13695.89,16.219,-421000,65,2,5,0,2,24,39,31746.34,89.91,-50700
2026-07-07T00:30:46.632531+00:00,173,g173_0173_3883,13342.46,15.682,-423700,61,2,5,0,2,23,36,31746.34,89.91,-50700
2026-07-07T00:31:47.026683+00:00,174,g174_0174_3234,7313.63,11.741,-443500,56,0,4,0,0,19,37,31746.34,89.91,-50700
2026-07-07T00:31:57.606180+00:00,175,g175_0175_2545,11240.68,14.846,-427900,63,1,5,0,1,24,38,31746.34,89.91,-50700
2026-07-07T00:32:31.312445+00:00,176,g176_0176_1063,10749.53,14.149,-431400,62,1,5,0,1,21,40,31746.34,89.91,-50700
2026-07-07T00:32:41.874804+00:00,177,g177_0177_8492,8300.64,13.512,-434600,63,0,4,0,0,23,40,31746.34,89.91,-50700
2026-07-07T00:35:35.728002+00:00,178,g178_0178_4797,12571.34,14.328,-430500,58,2,5,0,2,19,37,31746.34,89.91,-50700
2026-07-07T00:35:54.298885+00:00,179,g179_0179_9105,8558.96,12.478,-439800,57,0,4,0,0,28,29,31746.34,89.91,-50700
2026-07-07T00:36:04.888204+00:00,180,g180_0180_5492,12683.6,14.607,-429100,60,2,5,0,2,19,39,31746.34,89.91,-50700
2026-07-07T00:36:23.374721+00:00,181,g181_0181_2028,12993.03,15.144,-426400,60,2,5,0,2,21,37,31746.34,89.91,-50700
2026-07-07T00:36:57.294860+00:00,182,g182_0182_3536,8112.41,12.577,-439300,58,0,4,0,0,24,34,31746.34,89.91,-50700
2026-07-07T00:38:41.634767+00:00,183,g183_0183_7039,10489.74,13.313,-435600,58,1,5,0,1,21,36,31746.34,89.91,-50700
2026-07-07T00:49:59.236626+00:00,184,g184_0184_5022,14328.46,15.682,-423700,56,3,5,0,3,15,38,31746.34,89.91,-50700
2026-07-07T00:57:25.866743+00:00,185,g185_0185_1006,15463.76,17.075,-416700,61,3,5,0,3,21,37,31746.34,89.91,-50700
2026-07-07T01:08:45.395608+00:00,186,g186_0186_8245,11785.05,12.498,-439700,50,2,5,0,2,17,31,31746.34,89.91,-50700
2026-07-07T01:08:55.809579+00:00,187,g187_0187_8521,12444.52,14.368,-430300,58,2,5,0,2,18,38,31746.34,89.91,-50700
2026-07-07T01:09:14.329354+00:00,188,g188_0188_3436,7633.8,12.0,-442200,57,0,4,0,0,21,36,31746.34,89.91,-50700
2026-07-07T01:10:14.362099+00:00,189,g189_0189_3069,6967.67,10.866,-447900,53,0,4,0,0,18,35,31746.34,89.91,-50700
2026-07-07T01:13:07.331893+00:00,190,g190_0190_9947,11975.0,13.592,-434200,55,2,5,0,2,16,37,31746.34,89.91,-50700
2026-07-07T01:16:02.170706+00:00,191,g191_0191_9966,13010.6,14.607,-429100,53,2,5,0,2,24,27,31746.34,89.91,-50700
2026-07-07T01:20:42.293360+00:00,192,g192_0192_3686,10093.13,12.736,-438500,56,1,5,0,1,19,36,31746.34,89.91,-50700
2026-07-07T01:20:52.559312+00:00,193,g193_0193_4068,12719.33,14.547,-429400,58,2,5,0,2,20,36,31746.34,89.91,-50700
2026-07-07T01:23:47.384039+00:00,194,g194_0194_6835,15555.72,17.95,-412300,61,3,5,0,3,21,37,31746.34,89.91,-50700
2026-07-07T01:23:57.825509+00:00,195,g195_0195_7963,10628.66,13.075,-436800,56,1,5,0,1,23,32,31746.34,89.91,-50700
2026-07-07T01:24:16.072041+00:00,196,g196_0196_2529,14892.48,15.244,-425900,58,3,5,0,3,19,36,31746.34,89.91,-50700
2026-07-07T01:24:49.634652+00:00,197,g197_0197_5659,14906.22,14.965,-427300,59,3,5,0,3,19,37,31746.34,89.91,-50700
2026-07-07T01:29:31.291208+00:00,198,g198_0198_3588,14152.03,15.144,-426400,53,3,5,0,3,15,35,31746.34,89.91,-50700
2026-07-07T01:40:50.662128+00:00,199,g199_0199_5759,12059.47,15.463,-424800,66,1,5,0,1,29,36,31746.34,89.91,-50700
2026-07-07T02:02:20.531540+00:00,200,g200_0200_6338,13058.13,14.945,-427400,62,2,5,0,2,21,39,31746.34,89.91,-50700
2026-07-07T02:02:54.331462+00:00,201,g201_0201_6486,9924.42,12.358,-440400,53,1,5,0,1,19,33,31746.34,89.91,-50700
2026-07-07T02:03:27.779973+00:00,202,g202_0202_5508,13361.58,15.045,-426900,63,2,5,0,2,23,38,31746.34,89.91,-50700
2026-07-07T02:03:38.177940+00:00,203,g203_0203_6101,11519.05,14.706,-428600,64,1,5,0,1,26,37,31746.34,89.91,-50700
2026-07-07T02:20:34.929407+00:00,204,g204_0204_7927,9642.36,11.682,-443800,51,1,5,0,1,18,32,31746.34,89.91,-50700
2026-07-07T02:25:15.041259+00:00,205,g205_0205_4185,7699.22,10.766,-448400,47,0,4,0,0,26,21,31746.34,89.91,-50700
2026-07-07T02:25:33.272232+00:00,206,g206_0206_7238,13323.47,15.463,-424800,64,2,5,0,2,22,40,31746.34,89.91,-50700
2026-07-07T02:25:51.343077+00:00,207,g207_0207_8110,12862.96,14.687,-428700,61,2,5,0,2,20,39,31746.34,89.91,-50700
2026-07-07T02:26:01.553869+00:00,208,g208_0208_8751,9252.02,11.164,-446400,49,1,5,0,1,16,32,31746.34,89.91,-50700
2026-07-07T02:26:11.774196+00:00,209,g209_0209_6367,12987.96,14.687,-428700,61,2,5,0,2,21,38,31746.34,89.91,-50700
2026-07-07T02:30:51.827903+00:00,210,g210_0210_6059,12646.32,14.766,-428300,62,2,5,0,2,18,42,31746.34,89.91,-50700
2026-07-07T02:31:02.123304+00:00,211,g211_0211_7380,10748.1,13.393,-435200,58,1,5,0,1,23,34,31746.34,89.91,-50700
2026-07-07T02:32:45.805310+00:00,212,g212_0212_7942,10487.65,13.294,-435700,58,1,5,0,1,21,36,31746.34,89.91,-50700
2026-07-07T02:37:25.439621+00:00,213,g213_0213_7956,9934.87,12.458,-439900,53,1,5,0,1,19,33,31746.34,89.91,-50700
2026-07-07T02:39:08.852875+00:00,214,g214_0214_2653,11121.06,14.488,-429700,64,1,5,0,1,23,40,31746.34,89.91,-50700
2026-07-07T03:14:37.783218+00:00,215,g215_0215_7625,12922.15,14.507,-429600,57,2,5,0,2,22,33,31746.34,89.91,-50700
2026-07-07T03:25:57.497220+00:00,216,g216_0216_6156,12584.54,13.711,-433600,54,2,5,0,2,21,31,31746.34,89.91,-50700
2026-07-07T03:26:56.512458+00:00,217,g217_0217_2506,15605.61,16.378,-420200,66,3,5,0,3,21,42,31746.34,89.91,-50700
2026-07-07T03:27:14.830143+00:00,218,g218_0218_7649,11612.03,15.144,-426400,68,1,5,0,1,25,42,31746.34,89.91,-50700
2026-07-07T03:28:13.922136+00:00,219,g219_0219_5847,11079.26,14.09,-431700,64,1,5,0,1,23,40,31746.34,89.91,-50700
2026-07-07T03:29:13.236530+00:00,220,g220_0220_4318,9872.57,13.055,-436900,53,1,5,0,1,18,34,31746.34,89.91,-50700
2026-07-07T03:40:26.303795+00:00,221,g221_0221_9382,10023.94,12.915,-437600,57,1,5,0,1,18,38,31746.34,89.91,-50700
2026-07-07T03:47:48.550552+00:00,222,g222_0222_9510,10448.12,12.955,-437400,55,1,5,0,1,22,32,31746.34,89.91,-50700
2026-07-07T03:48:22.103771+00:00,223,g223_0223_2882,12723.36,15.881,-422700,61,2,5,0,2,18,41,31746.34,89.91,-50700
2026-07-07T03:48:40.239547+00:00,224,g224_0224_7409,12776.96,14.687,-428700,59,2,5,0,2,20,37,31746.34,89.91,-50700
2026-07-07T03:49:13.611213+00:00,225,g225_0225_3209,12304.25,14.308,-430600,58,2,5,0,2,17,39,31746.34,89.91,-50700
2026-07-07T04:06:07.352312+00:00,226,g226_0226_5656,7981.14,12.517,-439600,58,0,4,0,0,23,35,31746.34,89.91,-50700
2026-07-07T04:06:17.662937+00:00,227,g227_0227_5111,11465.6,14.607,-429100,63,1,5,0,1,26,36,31746.34,89.91,-50700
2026-07-07T04:06:51.119219+00:00,228,g228_0228_2989,11688.43,14.348,-430400,63,1,5,0,1,28,34,31746.34,89.91,-50700
2026-07-07T04:07:24.393505+00:00,229,g229_0229_2646,12453.99,14.03,-432000,56,2,5,0,2,19,35,31746.34,89.91,-50700
2026-07-07T04:18:42.805803+00:00,230,g230_0230_2620,12045.9,13.791,-433200,50,2,5,0,2,18,30,31746.34,89.91,-50700
2026-07-07T04:23:24.940887+00:00,231,g231_0231_1130,12454.7,16.398,-420100,70,1,5,0,1,30,39,31746.34,89.91,-50700
2026-07-07T04:25:07.919432+00:00,232,g232_0232_1930,12086.41,12.577,-439300,51,2,5,0,2,19,30,31746.34,89.91,-50700
2026-07-07T04:26:51.449385+00:00,233,g233_0233_9577,13060.22,14.965,-427300,62,2,5,0,2,21,39,31746.34,89.91,-50700
2026-07-07T04:31:30.560209+00:00,234,g234_0234_4208,14376.12,15.164,-426300,52,3,5,0,3,17,32,31746.34,89.91,-50700
2026-07-07T04:32:03.837197+00:00,235,g235_0235_2244,17096.99,18.229,-410900,70,3,5,0,3,30,37,31746.34,89.91,-50700
2026-07-07T04:32:37.122643+00:00,236,g236_0236_5249,12657.03,15.144,-426400,58,2,5,0,2,19,37,31746.34,89.91,-50700
2026-07-07T04:35:30.216906+00:00,237,g237_0237_8482,13077.34,16.318,-420500,62,2,5,0,2,20,40,31746.34,89.91,-50700
2026-07-07T04:35:48.358259+00:00,238,g238_0238_8246,14150.66,17.274,-415700,73,2,5,0,2,24,47,31746.34,89.91,-50700
2026-07-07T04:40:29.332279+00:00,239,g239_0239_5762,8138.83,11.343,-445500,50,0,4,0,0,28,22,31746.34,89.91,-50700
2026-07-07T04:41:03.044415+00:00,240,g240_0240_7318,12765.08,13.831,-433000,55,2,5,0,2,22,31,31746.34,89.91,-50700
2026-07-07T04:42:02.594204+00:00,241,g241_0241_3871,11145.25,14.308,-430600,65,1,5,0,1,23,41,31746.34,89.91,-50700
2026-07-07T04:43:45.748433+00:00,242,g242_0242_4000,14890.75,15.303,-425600,61,3,5,0,3,18,40,31746.34,89.91,-50700
2026-07-07T05:00:35.739319+00:00,243,g243_0243_8015,11717.37,13.453,-434900,49,2,5,0,2,16,31,31746.34,89.91,-50700
2026-07-07T05:00:45.965110+00:00,244,g244_0244_9191,12426.34,14.328,-430500,61,2,5,0,2,17,42,31746.34,89.91,-50700
2026-07-07T05:03:37.221944+00:00,245,g245_0245_2909,12855.49,15.025,-427000,60,2,5,0,2,20,38,31746.34,89.91,-50700
2026-07-07T05:14:55.382199+00:00,246,g246_0246_2418,7433.74,11.323,-445600,54,0,4,0,0,21,33,31746.34,89.91,-50700
2026-07-07T05:16:37.762512+00:00,247,g247_0247_3875,14131.47,15.463,-424800,55,3,5,0,3,14,38,31746.34,89.91,-50700
2026-07-07T05:33:31.635875+00:00,248,g248_0248_9038,10347.26,14.09,-431700,62,1,5,0,1,18,43,31746.34,89.91,-50700
2026-07-07T05:38:10.480104+00:00,249,g249_0249_6885,14487.87,14.667,-428800,50,3,5,0,3,19,28,31746.34,89.91,-50700
2026-07-07T05:38:20.635902+00:00,250,g250_0250_3139,9322.97,14.468,-429800,67,0,4,0,0,29,38,31746.34,89.91,-50700
2026-07-07T05:49:34.204043+00:00,251,g251_0251_6128,12172.05,14.706,-428600,57,2,5,0,2,16,39,31746.34,89.91,-50700
2026-07-07T06:06:35.756299+00:00,252,g252_0252_9060,7170.49,10.826,-448100,52,0,4,0,0,20,32,31746.34,89.91,-50700
2026-07-07T06:23:27.510095+00:00,253,g253_0253_5097,16499.11,17.373,-415200,64,3,5,0,3,28,33,31746.34,89.91,-50700
2026-07-07T06:23:37.758446+00:00,254,g254_0254_7676,10911.4,15.005,-427100,67,1,5,0,1,20,46,31746.34,89.91,-50700
2026-07-07T06:24:37.334879+00:00,255,g255_0255_8586,13065.09,15.821,-423000,63,2,5,0,2,20,41,31746.34,89.91,-50700
2026-07-07T06:32:01.035745+00:00,256,g256_0256_3274,9945.99,11.821,-443100,49,1,5,0,1,21,27,31746.34,89.91,-50700
2026-07-07T06:34:53.579469+00:00,257,g257_0257_9835,12557.78,14.647,-428900,54,2,5,0,2,20,32,31746.34,89.91,-50700
2026-07-07T06:35:53.515834+00:00,258,g258_0258_9047,14826.01,15.582,-424200,62,3,5,0,3,17,42,31746.34,89.91,-50700
2026-07-07T06:40:33.887010+00:00,259,g259_0259_9238,9928.07,12.06,-441900,48,1,5,0,1,21,26,31746.34,89.91,-50700
2026-07-07T06:43:27.457585+00:00,260,g260_0260_9532,10191.85,12.896,-437700,55,1,5,0,1,20,34,31746.34,89.91,-50700
2026-07-07T07:33:38.341781+00:00,261,g261_0261_7161,11525.47,13.254,-435900,48,2,5,0,2,15,31,31746.34,89.91,-50700
2026-07-07T12:26:09.028770+00:00,262,g262_0262_2830,12414.97,14.468,-429800,57,2,5,0,2,18,37,31746.34,89.91,-50700
2026-07-07T12:26:19.854663+00:00,263,g263_0263_2908,12659.61,14.388,-430200,57,2,5,0,2,20,35,31746.34,89.91,-50700
2026-07-07T12:26:54.357053+00:00,264,g264_0264_1585,12321.26,14.09,-431700,59,2,5,0,2,17,40,31746.34,89.91,-50700
2026-07-07T12:28:39.390953+00:00,265,g265_0265_5440,12544.17,14.07,-431800,58,2,5,0,2,19,37,31746.34,89.91,-50700
2026-07-07T12:28:57.911609+00:00,266,g266_0266_6173,14885.32,16.756,-418300,71,2,5,0,2,31,38,31746.34,89.91,-50700
2026-07-07T12:36:21.719156+00:00,267,g267_0267_1124,14550.21,17.174,-416200,68,2,5,0,2,29,37,31746.34,89.91,-50700
2026-07-07T12:37:21.750964+00:00,268,g268_0268_8049,7563.63,11.741,-443500,56,0,4,0,0,21,35,31746.34,89.91,-50700
2026-07-07T13:02:24.761485+00:00,269,g269_0269_3112,8698.59,12.617,-439100,57,0,4,0,0,29,28,31746.34,89.91,-50700
2026-07-07T13:07:07.518149+00:00,270,g270_0270_2214,10472.0,13.592,-434200,54,1,5,0,1,22,31,31746.34,89.91,-50700
2026-07-07T13:07:41.626618+00:00,271,g271_0271_7185,14266.05,14.706,-428600,57,3,5,0,3,15,39,31746.34,89.91,-50700
2026-07-07T13:15:07.906292+00:00,272,g272_0272_4765,9223.65,11.303,-445700,48,1,5,0,1,16,31,31746.34,89.91,-50700
2026-07-07T13:26:36.764297+00:00,273,g273_0273_4687,12789.5,14.806,-428100,59,2,5,0,2,20,37,31746.34,89.91,-50700
2026-07-07T13:38:00.008340+00:00,274,g274_0274_7622,9644.25,12.1,-441700,53,1,5,0,1,17,35,31746.34,89.91,-50700
2026-07-07T13:40:54.398269+00:00,275,g275_0275_3938,13892.97,16.458,-419800,69,2,5,0,2,24,43,31746.34,89.91,-50700
2026-07-07T13:45:34.679871+00:00,276,g276_0276_1216,13318.27,15.861,-422800,60,2,5,0,2,23,35,31746.34,89.91,-50700
2026-07-07T14:21:31.501106+00:00,277,g277_0277_6410,11412.15,14.507,-429600,62,1,5,0,1,26,35,31746.34,89.91,-50700
2026-07-07T14:21:41.841522+00:00,278,g278_0278_8218,9495.93,11.144,-446500,46,1,5,0,1,19,26,31746.34,89.91,-50700
2026-07-07T14:22:41.437410+00:00,279,g279_0279_6457,12650.16,14.289,-430700,60,2,5,0,2,19,39,31746.34,89.91,-50700
2026-07-07T14:23:40.754460+00:00,280,g280_0280_3157,13304.35,16.1,-421600,62,2,5,0,2,22,38,31746.34,89.91,-50700
2026-07-07T14:24:14.263650+00:00,281,g281_0281_8030,12595.71,16.179,-421200,68,1,5,0,1,32,35,31746.34,89.91,-50700
2026-07-07T14:49:07.411635+00:00,282,g282_0282_1820,13577.34,16.318,-420500,62,2,5,0,2,24,36,31746.34,89.91,-50700
2026-07-07T14:56:32.268969+00:00,283,g283_0283_7922,11841.66,13.075,-436800,47,2,5,0,2,18,27,31746.34,89.91,-50700
2026-07-07T14:57:31.883277+00:00,284,g284_0284_7898,29060.36,89.473,-52900,62,2,6,1,1,22,38,31746.34,89.91,-50700
2026-07-07T15:33:25.611379+00:00,285,g285_0285_7827,12489.7,14.408,-430100,53,2,5,0,2,20,31,31746.34,89.91,-50700
2026-07-07T15:36:19.615523+00:00,286,g286_0286_8642,7421.91,11.582,-444300,56,0,4,0,0,20,36,31746.34,89.91,-50700
2026-07-07T15:43:46.892690+00:00,287,g287_0287_2908,11236.57,13.055,-436900,48,2,5,0,2,13,33,31746.34,89.91,-50700
2026-07-07T15:46:40.270015+00:00,288,g288_0288_8386,11110.03,12.935,-437500,53,1,5,0,1,28,24,31746.34,89.91,-50700
2026-07-07T15:47:13.793551+00:00,289,g289_0289_9557,13947.31,16.975,-417200,69,2,5,0,2,24,43,31746.34,89.91,-50700
2026-07-07T16:04:16.187405+00:00,290,g290_0290_1105,10925.58,15.045,-426900,61,1,5,0,1,22,38,31746.34,89.91,-50700
2026-07-07T16:06:00.642459+00:00,291,g291_0291_3790,15200.82,17.751,-413300,73,2,5,0,2,32,39,31746.34,89.91,-50700
2026-07-07T16:10:42.931487+00:00,292,g292_0292_7325,15069.24,16.517,-419500,59,3,5,0,3,19,37,31746.34,89.91,-50700
2026-07-07T16:18:06.714895+00:00,293,g293_0293_8728,12303.9,13.791,-433200,56,2,5,0,2,18,36,31746.34,89.91,-50700
2026-07-07T16:29:23.817958+00:00,294,g294_0294_2830,9988.99,11.821,-443100,50,1,5,0,1,21,28,31746.34,89.91,-50700
2026-07-07T16:34:07.730329+00:00,295,g295_0295_1735,12514.86,12.677,-438800,52,2,5,0,2,22,28,31746.34,89.91,-50700
2026-07-07T16:34:26.293023+00:00,296,g296_0296_2050,7043.4,10.806,-448200,52,0,4,0,0,19,33,31746.34,89.91,-50700
2026-07-07T16:35:00.038584+00:00,297,g297_0297_6739,10901.17,14.07,-431800,57,1,5,0,1,24,32,31746.34,89.91,-50700
2026-07-07T16:37:55.501109+00:00,298,g298_0298_2629,8259.69,12.418,-440100,56,0,4,0,0,26,30,31746.34,89.91,-50700
2026-07-07T16:38:55.243497+00:00,299,g299_0299_8615,12249.79,16.418,-420000,71,1,5,0,1,28,42,31746.34,89.91,-50700
2026-07-07T16:39:29.008650+00:00,300,g300_0300_7095,14199.58,17.035,-416900,66,2,5,0,2,27,37,31746.34,89.91,-50700
2026-07-07T16:50:49.971983+00:00,301,g301_0301_6739,11546.89,14.229,-431000,60,1,5,0,1,28,31,31746.34,89.91,-50700
2026-07-07T16:52:33.055563+00:00,302,g302_0302_5254,9806.58,12.836,-438000,52,1,5,0,1,18,33,31746.34,89.91,-50700
2026-07-07T16:57:12.427233+00:00,303,g303_0303_7249,12633.51,14.587,-429200,53,2,5,0,2,21,30,31746.34,89.91,-50700
2026-07-07T17:04:39.342654+00:00,304,g304_0304_1040,16048.75,15.303,-425600,51,4,5,0,4,13,34,31746.34,89.91,-50700
2026-07-07T17:06:22.088334+00:00,305,g305_0305_1364,13035.14,14.726,-428500,62,2,5,0,2,21,39,31746.34,89.91,-50700
2026-07-07T17:08:05.708701+00:00,306,g306_0306_7650,17419.96,18.886,-407600,73,3,5,0,3,31,39,31746.34,89.91,-50700
2026-07-07T17:10:59.446258+00:00,307,g307_0307_2412,6977.41,10.587,-449300,51,0,4,0,0,19,32,31746.34,89.91,-50700
2026-07-07T17:11:09.821658+00:00,308,g308_0308_4572,9468.2,15.403,-425100,71,0,4,0,0,28,43,31746.34,89.91,-50700
2026-07-07T17:11:43.227703+00:00,309,g309_0309_4030,14622.07,16.259,-420800,69,2,5,0,2,30,37,31746.34,89.91,-50700
2026-07-07T17:36:45.484388+00:00,310,g310_0310_6925,12379.33,14.547,-429400,53,2,5,0,2,19,32,31746.34,89.91,-50700
2026-07-07T18:03:50.168448+00:00,311,g311_0311_8718,11762.8,13.99,-432200,52,2,5,0,2,15,35,31746.34,89.91,-50700
2026-07-07T18:04:50.888984+00:00,312,g312_0312_6776,12926.86,14.886,-427700,62,2,5,0,2,20,40,31746.34,89.91,-50700
2026-07-07T18:06:35.938253+00:00,313,g313_0313_6159,12602.87,14.667,-428800,55,2,5,0,2,20,33,31746.34,89.91,-50700
2026-07-07T18:14:03.440444+00:00,314,g314_0314_8667,11889.55,13.493,-434700,50,2,5,0,2,17,31,31746.34,89.91,-50700
2026-07-07T18:14:13.932759+00:00,315,g315_0315_6747,14361.8,16.199,-421100,66,2,5,0,2,29,35,31746.34,89.91,-50700
2026-07-07T18:14:24.540571+00:00,316,g316_0316_8243,10562.67,12.856,-437900,55,1,5,0,1,23,31,31746.34,89.91,-50700
2026-07-07T18:39:24.814365+00:00,317,g317_0317_1189,9673.51,12.378,-440300,53,1,5,0,1,17,35,31746.34,89.91,-50700
2026-07-07T18:41:09.471215+00:00,318,g318_0318_9474,12450.84,15.323,-425500,59,2,5,0,2,17,40,31746.34,89.91,-50700
2026-07-07T18:41:28.070756+00:00,319,g319_0319_9741,12430.99,13.811,-433100,56,2,5,0,2,19,35,31746.34,89.91,-50700
2026-07-07T19:31:58.463997+00:00,320,g320_0320_7439,11287.02,13.154,-436400,49,2,5,0,2,13,34,31746.34,89.91,-50700
2026-07-07T19:39:23.376140+00:00,321,g321_0321_8275,9638.27,11.662,-443900,54,1,5,0,1,17,36,31746.34,89.91,-50700
2026-07-07T19:39:57.276922+00:00,322,g322_0322_9304,11429.38,13.234,-436000,49,2,5,0,2,14,33,31746.34,89.91,-50700
2026-07-07T19:40:07.738608+00:00,323,g323_0323_7120,11363.1,15.602,-424100,64,1,5,0,1,24,39,31746.34,89.91,-50700
2026-07-07T19:41:51.293525+00:00,324,g324_0324_4966,11919.3,12.995,-437200,49,2,5,0,2,18,29,31746.34,89.91,-50700
2026-07-07T19:46:32.158784+00:00,325,g325_0325_7817,11013.26,13.871,-432800,63,1,5,0,1,23,39,31746.34,89.91,-50700
2026-07-07T19:49:24.793044+00:00,326,g326_0326_1918,10938.79,14.428,-430000,57,1,5,0,1,24,32,31746.34,89.91,-50700
2026-07-07T19:54:07.608733+00:00,327,g327_0327_5913,17165.07,18.468,-409700,71,3,5,0,3,30,38,31746.34,89.91,-50700
2026-07-07T19:54:41.171653+00:00,328,g328_0328_1095,9726.68,12.637,-439000,57,1,5,0,1,16,40,31746.34,89.91,-50700
2026-07-07T19:57:36.207708+00:00,329,g329_0329_1911,14896.35,16.1,-421600,56,3,5,0,3,19,34,31746.34,89.91,-50700
2026-07-07T19:57:46.579301+00:00,330,g330_0330_1227,7606.5,12.597,-439200,61,0,4,0,0,19,42,31746.34,89.91,-50700
2026-07-07T20:02:28.541080+00:00,331,g331_0331_8971,13564.58,15.045,-426900,59,2,5,0,2,26,31,31746.34,89.91,-50700
2026-07-07T20:09:51.092393+00:00,332,g332_0332_1681,7785.26,11.881,-442800,55,0,4,0,0,23,32,31746.34,89.91,-50700
2026-07-07T20:14:32.059245+00:00,333,g333_0333_6707,12735.74,15.522,-424500,56,2,5,0,2,20,34,31746.34,89.91,-50700
2026-07-07T20:17:27.028815+00:00,334,g334_0334_1131,11419.27,13.652,-433900,51,2,5,0,2,13,36,31746.34,89.91,-50700
2026-07-07T20:19:10.493348+00:00,335,g335_0335_5103,34849.65,72.299,-139200,63,5,6,1,4,29,29,34849.65,72.299,-139200
2026-07-07T20:30:33.140137+00:00,336,g336_0336_4487,8608.99,14.03,-432000,66,0,4,0,0,24,42,34849.65,72.299,-139200
2026-07-07T20:41:52.122235+00:00,337,g337_0337_8030,12012.11,15.383,-425200,68,1,5,0,1,28,39,34849.65,72.299,-139200
2026-07-07T20:46:33.886856+00:00,338,g338_0338_1493,13444.47,15.463,-424800,61,2,5,0,2,24,35,34849.65,72.299,-139200
2026-07-07T20:57:57.582245+00:00,339,g339_0339_5168,10130.93,13.134,-436500,53,1,5,0,1,20,32,34849.65,72.299,-139200
2026-07-07T21:00:52.146135+00:00,340,g340_0340_5453,10141.65,11.303,-445700,49,1,5,0,1,23,25,34849.65,72.299,-139200
2026-07-07T21:01:25.339620+00:00,341,g341_0341_5631,10050.13,12.736,-438500,55,1,5,0,1,19,35,34849.65,72.299,-139200
2026-07-07T21:02:25.048527+00:00,342,g342_0342_4917,14299.81,15.98,-422200,68,2,5,0,2,28,38,34849.65,72.299,-139200
2026-07-07T21:04:10.177763+00:00,343,g343_0343_7834,8199.3,12.995,-437200,59,0,4,0,0,24,35,34849.65,72.299,-139200
2026-07-07T21:04:43.785660+00:00,344,g344_0344_5561,12148.43,14.348,-430400,54,2,5,0,2,17,35,34849.65,72.299,-139200
2026-07-07T21:29:37.441691+00:00,345,g345_0345_5094,7722.07,12.06,-441900,56,0,4,0,0,22,34,34849.65,72.299,-139200
2026-07-07T21:32:32.196172+00:00,346,g346_0346_4880,8373.57,13.055,-436900,60,0,4,0,0,25,35,34849.65,72.299,-139200
2026-07-07T21:33:31.972678+00:00,347,g347_0347_1291,12853.4,15.005,-427100,60,2,5,0,2,20,38,34849.65,72.299,-139200
2026-07-07T21:33:42.298959+00:00,348,g348_0348_9222,14547.41,16.776,-418200,66,2,5,0,2,30,34,34849.65,72.299,-139200
2026-07-07T21:36:37.918877+00:00,349,g349_0349_7399,11705.19,15.622,-424000,69,1,5,0,1,25,43,34849.65,72.299,-139200
2026-07-07T21:53:47.463977+00:00,350,g350_0350_4428,13098.2,15.403,-425100,56,2,5,0,2,23,31,34849.65,72.299,-139200
2026-07-07T21:54:05.833200+00:00,351,g351_0351_1485,10592.9,14.01,-432100,65,1,5,0,1,19,45,34849.65,72.299,-139200
2026-07-07T21:54:16.261996+00:00,352,g352_0352_2503,7361.48,11.045,-447000,53,0,4,0,0,21,32,34849.65,72.299,-139200
2026-07-07T21:59:01.954638+00:00,353,g353_0353_6875,15437.97,16.458,-419800,59,3,5,0,3,22,34,34849.65,72.299,-139200
2026-07-07T22:34:59.863829+00:00,354,g354_0354_2214,14306.48,17.234,-415900,68,2,5,0,2,27,39,34849.65,72.299,-139200
2026-07-07T22:39:43.369980+00:00,355,g355_0355_5264,10687.0,13.592,-434200,59,1,5,0,1,22,36,34849.65,72.299,-139200
2026-07-07T22:41:26.664654+00:00,356,g356_0356_7215,11323.21,15.184,-426200,67,1,5,0,1,23,43,34849.65,72.299,-139200
2026-07-07T22:41:36.999844+00:00,357,g357_0357_5145,12844.82,15.761,-423300,69,1,5,0,1,34,34,34849.65,72.299,-139200
2026-07-07T22:43:20.661621+00:00,358,g358_0358_9198,11851.17,14.07,-431800,54,2,5,0,2,15,37,34849.65,72.299,-139200
2026-07-07T22:54:49.140841+00:00,359,g359_0359_1126,6563.54,9.512,-454700,44,0,4,0,0,19,25,34849.65,72.299,-139200
2026-07-07T23:17:14.193518+00:00,360,g360_0360_3033,16409.69,18.826,-407900,70,3,5,0,3,24,43,34849.65,72.299,-139200
2026-07-07T23:17:32.413426+00:00,361,g361_0361_4532,10325.92,13.353,-435400,57,1,5,0,1,20,36,34849.65,72.299,-139200
2026-07-07T23:17:50.882388+00:00,362,g362_0362_9956,7982.56,13.274,-435800,62,0,4,0,0,21,41,34849.65,72.299,-139200
2026-07-07T23:18:09.138457+00:00,363,g363_0363_4748,12375.46,15.682,-423700,67,1,5,0,1,31,35,34849.65,72.299,-139200
2026-07-07T23:18:27.318678+00:00,364,g364_0364_5017,10144.28,13.433,-435000,62,1,5,0,1,17,44,34849.65,72.299,-139200
2026-07-07T23:23:05.537120+00:00,365,g365_0365_2627,14822.49,17.015,-417000,66,2,5,0,2,32,32,34849.65,72.299,-139200
2026-07-07T23:24:48.105790+00:00,366,g366_0366_7566,12846.19,13.413,-435100,55,2,5,0,2,23,30,34849.65,72.299,-139200
2026-07-07T23:25:47.811201+00:00,367,g367_0367_5005,14815.73,15.741,-423400,55,3,5,0,3,19,33,34849.65,72.299,-139200
2026-07-07T23:26:46.750911+00:00,368,g368_0368_7114,12388.08,13.831,-433000,58,2,5,0,2,18,38,34849.65,72.299,-139200
2026-07-07T23:26:57.074926+00:00,369,g369_0369_5175,10680.73,13.532,-434500,59,1,5,0,1,22,36,34849.65,72.299,-139200
2026-07-07T23:28:40.674318+00:00,370,g370_0370_5714,13426.37,15.662,-423800,63,2,5,0,2,23,38,34849.65,72.299,-139200
2026-07-07T23:31:35.059609+00:00,371,g371_0371_4375,15907.33,16.537,-419400,61,3,5,0,3,25,33,34849.65,72.299,-139200
2026-07-07T23:31:45.391333+00:00,372,g372_0372_4160,15193.36,18.09,-411600,72,2,5,0,2,32,38,34849.65,72.299,-139200
2026-07-07T23:48:50.086349+00:00,373,g373_0373_1761,10502.95,12.697,-438700,54,1,5,0,1,23,30,34849.65,72.299,-139200
2026-07-07T23:49:08.267948+00:00,374,g374_0374_8340,15976.13,19.144,-406300,76,2,5,0,2,36,38,34849.65,72.299,-139200
2026-07-07T23:56:30.252804+00:00,375,g375_0375_3201,15252.05,16.697,-418600,57,3,5,0,3,21,33,34849.65,72.299,-139200
2026-07-07T23:56:40.624679+00:00,376,g376_0376_2232,9678.67,15.065,-426800,68,0,4,0,0,31,37,34849.65,72.299,-139200
2026-07-07T23:59:34.541992+00:00,377,g377_0377_5134,7695.57,11.065,-446900,52,0,4,0,0,24,28,34849.65,72.299,-139200
2026-07-08T00:16:25.183561+00:00,378,g378_0378_6975,7756.71,11.98,-442300,57,0,4,0,0,22,35,34849.65,72.299,-139200
2026-07-08T00:16:35.735638+00:00,379,g379_0379_3684,10907.44,14.129,-431500,57,1,5,0,1,24,32,34849.65,72.299,-139200
2026-07-08T00:17:35.644185+00:00,380,g380_0380_2255,12579.7,16.398,-420100,70,1,5,0,1,31,38,34849.65,72.299,-139200
2026-07-08T00:28:57.136996+00:00,381,g381_0381_3894,10493.21,12.975,-437300,56,1,5,0,1,22,33,34849.65,72.299,-139200
2026-07-08T00:40:18.327554+00:00,382,g382_0382_7012,11461.42,14.567,-429300,63,1,5,0,1,26,36,34849.65,72.299,-139200
2026-07-08T00:40:51.910340+00:00,383,g383_0383_4545,13401.65,15.502,-424600,57,2,5,0,2,25,30,34849.65,72.299,-139200
2026-07-08T00:42:35.387437+00:00,384,g384_0384_2922,11000.9,13.791,-433200,60,1,5,0,1,24,35,34849.65,72.299,-139200
2026-07-08T00:42:53.750973+00:00,385,g385_0385_5557,14534.2,17.393,-415100,70,2,5,0,2,28,40,34849.65,72.299,-139200
2026-07-08T00:43:27.433940+00:00,386,g386_0386_2187,17040.31,16.975,-417200,58,4,5,0,4,17,37,34849.65,72.299,-139200
2026-07-08T00:46:21.857585+00:00,387,g387_0387_2811,14639.5,16.796,-418100,71,2,5,0,2,29,40,34849.65,72.299,-139200
2026-07-08T00:53:43.658323+00:00,388,g388_0388_6110,9800.8,12.0,-442200,51,1,5,0,1,19,31,34849.65,72.299,-139200
2026-07-08T00:58:26.093537+00:00,389,g389_0389_7910,15179.21,15.184,-426200,59,3,5,0,3,21,35,34849.65,72.299,-139200
2026-07-08T01:01:20.101184+00:00,390,g390_0390_5210,10703.72,13.751,-433400,59,1,5,0,1,22,36,34849.65,72.299,-139200
2026-07-08T01:04:15.268404+00:00,391,g391_0391_7264,13271.4,15.005,-427100,61,2,5,0,2,23,36,34849.65,72.299,-139200
2026-07-08T01:04:49.335349+00:00,392,g392_0392_2847,13831.83,15.542,-424400,64,2,5,0,2,26,36,34849.65,72.299,-139200
2026-07-08T01:07:43.427707+00:00,393,g393_0393_6436,14300.66,15.284,-425700,53,3,5,0,3,16,34,34849.65,72.299,-139200
2026-07-08T01:19:00.791734+00:00,394,g394_0394_8662,8988.17,14.07,-431800,66,0,4,0,0,27,39,34849.65,72.299,-139200
2026-07-08T01:19:11.217757+00:00,395,g395_0395_9836,10050.13,12.736,-438500,55,1,5,0,1,19,35,34849.65,72.299,-139200
2026-07-08T01:44:03.466568+00:00,396,g396_0396_9487,7310.83,11.343,-445500,54,0,4,0,0,20,34,34849.65,72.299,-139200
2026-07-08T02:08:54.378665+00:00,397,g397_0397_8026,9409.86,14.886,-427700,68,0,4,0,0,29,39,34849.65,72.299,-139200
2026-07-08T02:11:45.953931+00:00,398,g398_0398_9653,9806.36,11.682,-443800,49,1,5,0,1,20,28,34849.65,72.299,-139200
2026-07-08T02:14:37.393073+00:00,399,g399_0399_9881,7111.48,11.045,-447000,53,0,4,0,0,19,34,34849.65,72.299,-139200
2026-07-08T02:15:10.278994+00:00,400,g400_0400_6674,14550.03,17.134,-416400,71,2,5,0,2,28,41,34849.65,72.299,-139200
2026-07-08T02:19:50.018523+00:00,401,g401_0401_3286,11713.19,13.413,-435100,49,2,5,0,2,16,31,34849.65,72.299,-139200
2026-07-08T02:22:42.978974+00:00,402,g402_0402_4820,11247.44,14.129,-431500,62,1,5,0,1,25,36,34849.65,72.299,-139200
2026-07-08T02:23:16.313768+00:00,403,g403_0403_7417,13047.86,14.886,-427700,59,2,5,0,2,22,35,34849.65,72.299,-139200
2026-07-08T02:26:09.187179+00:00,404,g404_0404_9452,13667.03,17.134,-416400,65,2,5,0,2,23,40,34849.65,72.299,-139200
2026-07-08T02:27:51.447796+00:00,405,g405_0405_6725,11031.77,14.866,-427800,61,1,5,0,1,23,37,34849.65,72.299,-139200
2026-07-08T02:32:32.742584+00:00,406,g406_0406_7836,7479.01,11.383,-445300,52,0,4,0,0,22,30,34849.65,72.299,-139200
2026-07-08T02:57:16.281612+00:00,407,g407_0407_7064,12365.41,14.786,-428200,55,2,5,0,2,18,35,34849.65,72.299,-139200
2026-07-08T02:58:58.401788+00:00,408,g408_0408_1183,9990.19,11.423,-445100,51,1,5,0,1,21,29,34849.65,72.299,-139200
2026-07-08T03:23:31.848461+00:00,409,g409_0409_4715,10676.02,13.154,-436400,54,1,5,0,1,24,29,34849.65,72.299,-139200
2026-07-08T03:23:42.131490+00:00,410,g410_0410_8246,15335.07,16.259,-420800,60,3,5,0,3,21,36,34849.65,72.299,-139200
2026-07-08T03:24:00.204423+00:00,411,g411_0411_3665,12828.39,15.224,-426000,62,2,5,0,2,19,41,34849.65,72.299,-139200
2026-07-08T03:24:58.867464+00:00,412,g412_0412_8864,14804.39,17.214,-416000,68,2,5,0,2,31,35,34849.65,72.299,-139200
2026-07-08T03:26:41.555606+00:00,413,g413_0413_1473,9774.34,12.119,-441600,53,1,5,0,1,18,34,34849.65,72.299,-139200
2026-07-08T03:26:51.722418+00:00,414,g414_0414_6634,14251.25,16.299,-420600,69,2,5,0,2,27,40,34849.65,72.299,-139200
2026-07-08T03:27:51.114419+00:00,415,g415_0415_7862,10539.01,13.373,-435300,59,1,5,0,1,21,37,34849.65,72.299,-139200
2026-07-08T03:29:33.402499+00:00,416,g416_0416_1568,7303.85,10.905,-447700,52,0,4,0,0,21,31,34849.65,72.299,-139200
2026-07-08T03:34:12.123555+00:00,417,g417_0417_1927,11804.09,15.821,-423000,65,1,5,0,1,27,37,34849.65,72.299,-139200
2026-07-08T03:37:03.702385+00:00,418,g418_0418_4416,12420.68,12.637,-439000,47,2,5,0,2,23,22,34849.65,72.299,-139200
2026-07-08T03:39:53.913175+00:00,419,g419_0419_4280,9623.69,12.418,-440100,55,1,5,0,1,16,38,34849.65,72.299,-139200
2026-07-08T04:15:35.657330+00:00,420,g420_0420_3690,11240.63,13.731,-433500,57,1,5,0,1,27,29,34849.65,72.299,-139200
2026-07-08T04:37:40.633755+00:00,421,g421_0421_1643,8233.23,12.537,-439500,58,0,4,0,0,25,33,34849.65,72.299,-139200
2026-07-08T04:40:33.584032+00:00,422,g422_0422_4486,11025.27,13.652,-433900,58,1,5,0,1,25,32,34849.65,72.299,-139200
2026-07-08T04:42:17.897762+00:00,423,g423_0423_5121,12531.8,13.99,-432200,55,2,5,0,2,20,33,34849.65,72.299,-139200
2026-07-08T04:45:10.870176+00:00,424,g424_0424_9740,12054.26,13.871,-432800,50,2,5,0,2,18,30,34849.65,72.299,-139200
2026-07-08T04:46:54.793533+00:00,425,g425_0425_2708,10688.61,14.388,-430200,60,1,5,0,1,21,38,34849.65,72.299,-139200
2026-07-08T04:51:36.209032+00:00,426,g426_0426_2728,8457.66,13.075,-436800,59,0,4,0,0,26,33,34849.65,72.299,-139200
2026-07-08T04:53:18.810313+00:00,427,g427_0427_3405,8675.64,13.512,-434600,63,0,4,0,0,26,37,34849.65,72.299,-139200
2026-07-08T04:55:02.455396+00:00,428,g428_0428_7918,7855.43,12.139,-441500,56,0,4,0,0,23,33,34849.65,72.299,-139200
2026-07-08T04:59:45.241341+00:00,429,g429_0429_8630,12331.36,13.672,-433800,57,2,5,0,2,18,37,34849.65,72.299,-139200
2026-07-08T05:01:27.580619+00:00,430,g430_0430_6094,14141.06,16.478,-419700,66,2,5,0,2,27,37,34849.65,72.299,-139200
2026-07-08T05:03:10.368246+00:00,431,g431_0431_9808,10953.01,13.373,-435300,57,1,5,0,1,25,31,34849.65,72.299,-139200
2026-07-08T05:07:53.317738+00:00,432,g432_0432_2552,15446.16,18.488,-409600,74,2,5,0,2,33,39,34849.65,72.299,-139200
2026-07-08T05:15:19.031408+00:00,433,g433_0433_5018,7056.65,11.303,-445700,54,0,4,0,0,18,36,34849.65,72.299,-139200
2026-07-08T05:17:01.928798+00:00,434,g434_0434_9652,16999.33,16.537,-419400,55,4,5,0,4,18,33,34849.65,72.299,-139200
2026-07-08T05:17:12.345903+00:00,435,g435_0435_5078,12806.17,13.851,-432900,53,2,5,0,2,23,28,34849.65,72.299,-139200
2026-07-08T05:20:05.136740+00:00,436,g436_0436_8581,7761.6,12.398,-440200,59,0,4,0,0,21,38,34849.65,72.299,-139200
2026-07-08T05:20:15.349632+00:00,437,g437_0437_5453,13832.01,15.582,-424200,61,2,5,0,2,27,32,34849.65,72.299,-139200
2026-07-08T05:24:55.787900+00:00,438,g438_0438_6615,7178.85,10.905,-447700,52,0,4,0,0,20,32,34849.65,72.299,-139200
2026-07-08T05:32:21.063994+00:00,439,g439_0439_4327,11732.8,13.99,-432200,62,1,5,0,1,29,32,34849.65,72.299,-139200
2026-07-08T05:33:20.334970+00:00,440,g440_0440_5340,12519.98,16.239,-420900,69,1,5,0,1,31,37,34849.65,72.299,-139200
2026-07-08T05:35:03.568199+00:00,441,g441_0441_4518,13013.4,15.005,-427100,55,2,5,0,2,23,30,34849.65,72.299,-139200
2026-07-08T05:36:46.158412+00:00,442,g442_0442_5621,10908.63,13.731,-433500,58,1,5,0,1,24,33,34849.65,72.299,-139200
2026-07-08T05:37:19.515002+00:00,443,g443_0443_4217,13955.63,15.94,-422400,63,2,5,0,2,27,34,34849.65,72.299,-139200
2026-07-08T05:37:37.809744+00:00,444,g444_0444_8493,14699.22,16.955,-417300,72,2,5,0,2,29,41,34849.65,72.299,-139200
2026-07-08T05:37:56.261701+00:00,445,g445_0445_6713,10437.67,12.856,-437900,55,1,5,0,1,22,32,34849.65,72.299,-139200
2026-07-08T05:42:34.577959+00:00,446,g446_0446_4767,14442.42,16.557,-419300,67,2,5,0,2,29,36,34849.65,72.299,-139200
2026-07-08T05:42:44.857526+00:00,447,g447_0447_7393,10888.93,13.134,-436500,59,1,5,0,1,24,34,34849.65,72.299,-139200
2026-07-08T05:50:05.085011+00:00,448,g448_0448_3414,11920.9,13.791,-433200,50,2,5,0,2,17,31,34849.65,72.299,-139200
2026-07-08T05:50:23.282540+00:00,449,g449_0449_5608,9829.28,15.642,-423900,73,0,4,0,0,30,43,34849.65,72.299,-139200
2026-07-08T05:50:56.454482+00:00,450,g450_0450_6113,15322.0,15.801,-423100,55,3,5,0,3,23,29,34849.65,72.299,-139200
2026-07-08T05:55:37.903602+00:00,451,g451_0451_8584,11271.32,14.766,-428300,61,1,5,0,1,25,35,34849.65,72.299,-139200
2026-07-08T05:55:48.176746+00:00,452,g452_0452_6883,13446.38,15.443,-424900,64,2,5,0,2,23,39,34849.65,72.299,-139200
2026-07-08T06:03:07.627719+00:00,453,g453_0453_8212,12482.43,14.348,-430400,59,2,5,0,2,18,39,34849.65,72.299,-139200
2026-07-08T06:10:34.058420+00:00,454,g454_0454_9863,8151.23,12.537,-439500,59,0,4,0,0,24,35,34849.65,72.299,-139200
2026-07-08T06:10:44.373703+00:00,455,g455_0455_8048,8581.81,13.771,-433300,66,0,4,0,0,24,42,34849.65,72.299,-139200
2026-07-08T06:12:28.055639+00:00,456,g456_0456_9671,15500.49,17.015,-417000,62,3,5,0,3,21,38,34849.65,72.299,-139200
2026-07-08T06:12:38.254637+00:00,457,g457_0457_6695,10617.54,13.711,-433600,60,1,5,0,1,21,38,34849.65,72.299,-139200
2026-07-08T06:23:58.446464+00:00,458,g458_0458_5353,12970.04,14.925,-427500,60,2,5,0,2,21,37,34849.65,72.299,-139200
2026-07-08T06:28:37.425924+00:00,459,g459_0459_5598,9778.52,12.159,-441400,53,1,5,0,1,18,34,34849.65,72.299,-139200
2026-07-08T06:28:55.675544+00:00,460,g460_0460_1400,13612.47,15.463,-424800,62,2,5,0,2,25,35,34849.65,72.299,-139200
2026-07-08T06:29:14.106884+00:00,461,g461_0461_1056,11986.5,14.806,-428100,63,1,5,0,1,30,32,34849.65,72.299,-139200
2026-07-08T06:29:32.519166+00:00,462,g462_0462_8596,10200.92,13.353,-435400,57,1,5,0,1,19,37,34849.65,72.299,-139200
2026-07-08T06:40:54.696200+00:00,463,g463_0463_7887,7499.73,11.542,-444500,55,0,4,0,0,21,34,34849.65,72.299,-139200
2026-07-08T06:48:18.503145+00:00,464,g464_0464_5907,10500.9,13.791,-433200,60,1,5,0,1,20,39,34849.65,72.299,-139200
2026-07-08T06:52:57.738733+00:00,465,g465_0465_1773,16959.8,16.199,-421100,52,4,5,0,4,19,29,34849.65,72.299,-139200
2026-07-08T07:04:19.182482+00:00,466,g466_0466_7556,12740.9,16.0,-422100,66,1,5,0,1,34,31,34849.65,72.299,-139200
2026-07-08T07:08:58.633617+00:00,467,g467_0467_7668,7327.55,11.502,-444700,54,0,4,0,0,20,34,34849.65,72.299,-139200
2026-07-08T07:09:58.447943+00:00,468,g468_0468_4350,11092.2,15.403,-425100,64,1,5,0,1,22,41,34849.65,72.299,-139200
2026-07-08T07:10:31.577038+00:00,469,g469_0469_8696,7530.37,11.463,-444900,53,0,4,0,0,22,31,34849.65,72.299,-139200
2026-07-08T07:11:31.144717+00:00,470,g470_0470_6346,13424.99,16.02,-422000,65,2,5,0,2,22,41,34849.65,72.299,-139200
2026-07-08T07:18:50.912100+00:00,471,g471_0471_5624,12805.33,14.547,-429400,60,2,5,0,2,20,38,34849.65,72.299,-139200
2026-07-08T07:19:24.525044+00:00,472,g472_0472_2845,9027.88,14.448,-429900,66,0,4,0,0,27,39,34849.65,72.299,-139200
2026-07-08T07:22:16.972613+00:00,473,g473_0473_9573,7024.06,10.289,-450800,47,0,4,0,0,21,26,34849.65,72.299,-139200
2026-07-08T07:24:00.722888+00:00,474,g474_0474_7081,7394.21,10.985,-447300,51,0,4,0,0,22,29,34849.65,72.299,-139200
2026-07-08T07:48:44.814292+00:00,475,g475_0475_7038,10980.9,14.01,-432100,59,1,5,0,1,24,34,34849.65,72.299,-139200
2026-07-08T07:51:36.514052+00:00,476,g476_0476_4677,13704.74,15.522,-424500,64,2,5,0,2,25,37,34849.65,72.299,-139200
2026-07-08T07:53:19.946409+00:00,477,g477_0477_5024,15544.34,16.318,-420500,56,3,5,0,3,24,29,34849.65,72.299,-139200
2026-07-08T07:58:00.363443+00:00,478,g478_0478_8146,7982.56,13.274,-435800,62,0,4,0,0,21,41,34849.65,72.299,-139200
2026-07-08T08:05:20.962781+00:00,479,g479_0479_5357,9198.36,11.682,-443800,53,1,5,0,1,14,38,34849.65,72.299,-139200
2026-07-08T08:08:15.022122+00:00,480,g480_0480_9311,14308.88,16.438,-419900,70,2,5,0,2,27,41,34849.65,72.299,-139200
2026-07-08T08:09:57.868474+00:00,481,g481_0481_6087,15624.56,15.483,-424700,57,3,5,0,3,25,29,34849.65,72.299,-139200
2026-07-08T08:10:58.236388+00:00,482,g482_0482_7834,17663.19,17.612,-414000,62,4,5,0,4,20,38,34849.65,72.299,-139200
2026-07-08T08:11:58.044747+00:00,483,g483_0483_7057,14753.92,15.562,-424300,54,3,5,0,3,19,32,34849.65,72.299,-139200
2026-07-08T08:12:08.335527+00:00,484,g484_0484_6507,12894.31,16.975,-417200,73,1,5,0,1,32,40,34849.65,72.299,-139200
2026-07-08T08:12:18.593365+00:00,485,g485_0485_5948,11414.24,14.527,-429500,62,1,5,0,1,26,35,34849.65,72.299,-139200
2026-07-08T08:17:00.157259+00:00,486,g486_0486_7120,11436.57,13.055,-436900,53,2,5,0,2,13,38,34849.65,72.299,-139200
2026-07-08T08:21:37.855299+00:00,487,g487_0487_5937,10537.63,13.731,-433500,61,1,5,0,1,20,40,34849.65,72.299,-139200
2026-07-08T08:23:20.020286+00:00,488,g488_0488_2837,12287.85,12.896,-437700,52,2,5,0,2,20,30,34849.65,72.299,-139200
2026-07-08T08:24:19.563202+00:00,489,g489_0489_1850,12858.07,16.259,-420800,71,1,5,0,1,33,37,34849.65,72.299,-139200
2026-07-08T08:27:12.953857+00:00,490,g490_0490_6152,10733.17,14.07,-431800,56,1,5,0,1,23,32,34849.65,72.299,-139200
2026-07-08T08:34:36.812117+00:00,491,g491_0491_6241,7312.21,10.985,-447300,52,0,4,0,0,21,31,34849.65,72.299,-139200
2026-07-08T08:35:09.702781+00:00,492,g492_0492_3053,14297.41,16.776,-418200,66,2,5,0,2,28,36,34849.65,72.299,-139200
2026-07-08T08:35:27.989570+00:00,493,g493_0493_8349,11236.75,15.303,-425600,71,1,5,0,1,21,49,34849.65,72.299,-139200
2026-07-08T08:36:01.174116+00:00,494,g494_0494_1448,9470.25,14.308,-430600,65,0,4,0,0,31,34,34849.65,72.299,-139200
2026-07-08T08:53:00.994413+00:00,495,g495_0495_2111,9554.2,15.403,-425100,73,0,4,0,0,28,45,34849.65,72.299,-139200
2026-07-08T08:54:44.067304+00:00,496,g496_0496_2424,18519.79,18.627,-408900,62,4,5,0,4,26,32,34849.65,72.299,-139200
2026-07-08T09:02:10.823910+00:00,497,g497_0497_6236,7188.9,11.801,-443200,56,0,4,0,0,18,38,34849.65,72.299,-139200
2026-07-08T09:05:02.238474+00:00,498,g498_0498_7890,10492.54,13.711,-433600,60,1,5,0,1,20,39,34849.65,72.299,-139200
2026-07-08T09:05:12.432556+00:00,499,g499_0499_6547,12456.08,14.05,-431900,56,2,5,0,2,19,35,34849.65,72.299,-139200
2026-07-08T09:09:51.632901+00:00,500,g500_0500_3531,10196.03,12.935,-437500,55,1,5,0,1,20,34,34849.65,72.299,-139200
2026-07-08T09:41:51.843573+00:00,1,g001_0001_2167,10888.44,13.91,-432600,60,1,5,0,1,23,36,31746.34,89.91,-50700
2026-07-08T09:43:34.145229+00:00,2,g002_0002_3539,12900.76,15.085,-426700,58,2,5,0,2,21,35,31746.34,89.91,-50700
2026-07-08T09:43:44.341354+00:00,3,g003_0003_8918,10368.21,12.975,-437300,56,1,5,0,1,21,34,31746.34,89.91,-50700
2026-07-08T09:44:43.613857+00:00,4,g004_0004_9135,6979.5,10.607,-449200,51,0,4,0,0,19,32,31746.34,89.91,-50700
2026-07-08T09:46:26.393188+00:00,5,g005_0005_1497,7242.04,10.726,-448600,51,0,4,0,0,21,30,31746.34,89.91,-50700
2026-07-08T09:47:25.530548+00:00,6,g006_0006_4636,12123.85,12.896,-437700,54,2,5,0,2,18,34,31746.34,89.91,-50700
2026-07-08T09:50:17.842570+00:00,7,g007_0007_7260,6264.09,9.413,-455200,46,0,4,0,0,16,30,31746.34,89.91,-50700
2026-07-08T09:50:50.901469+00:00,8,g008_0008_6086,11385.78,12.438,-440000,50,2,5,0,2,14,34,31746.34,89.91,-50700
2026-07-08T09:51:50.479853+00:00,9,g009_0009_3679,8031.83,13.333,-435500,63,0,4,0,0,21,42,31746.34,89.91,-50700
2026-07-08T09:52:23.855862+00:00,10,g010_0010_4712,10024.28,13.433,-435000,59,1,5,0,1,17,41,31746.34,89.91,-50700
2026-07-08T09:52:34.121242+00:00,11,g011_0011_1892,10956.3,12.995,-437200,58,1,5,0,1,25,32,31746.34,89.91,-50700
2026-07-08T09:55:27.103615+00:00,12,g012_0012_7701,10306.91,13.572,-434300,59,1,5,0,1,19,39,31746.34,89.91,-50700
2026-07-08T09:56:00.091470+00:00,13,g013_0013_9640,7226.74,11.323,-445600,55,0,4,0,0,19,36,31746.34,89.91,-50700
2026-07-08T09:56:33.262027+00:00,14,g014_0014_5357,12205.36,13.672,-433800,54,2,5,0,2,18,34,31746.34,89.91,-50700
2026-07-08T10:32:17.096396+00:00,15,g015_0015_1335,18405.06,18.687,-408600,65,4,5,0,4,24,37,31746.34,89.91,-50700
2026-07-08T10:36:59.072839+00:00,16,g016_0016_1949,13104.07,14.269,-430800,56,2,5,0,2,24,30,31746.34,89.91,-50700
2026-07-08T10:37:32.322090+00:00,17,g017_0017_6381,6416.98,10.05,-452000,48,0,4,0,0,16,32,31746.34,89.91,-50700
2026-07-08T10:38:32.262476+00:00,18,g018_0018_3295,28202.53,87.741,-61600,55,2,6,1,1,19,34,31746.34,89.91,-50700
2026-07-08T10:55:30.707530+00:00,19,g019_0019_4395,13376.88,14.448,-429900,59,2,5,0,2,25,32,31746.34,89.91,-50700
2026-07-08T11:06:50.225224+00:00,20,g020_0020_1564,9016.0,13.592,-434200,62,0,4,0,0,29,33,31746.34,89.91,-50700
2026-07-08T11:09:42.862460+00:00,21,g021_0021_9850,14659.38,15.443,-424900,55,3,5,0,3,18,34,31746.34,89.91,-50700
2026-07-08T11:20:57.188279+00:00,22,g022_0022_8843,12511.62,14.169,-431300,57,2,5,0,2,19,36,31746.34,89.91,-50700
2026-07-08T11:21:56.582822+00:00,23,g023_0023_8885,9973.49,12.816,-438100,56,1,5,0,1,18,37,31746.34,89.91,-50700
2026-07-08T11:22:14.687072+00:00,24,g024_0024_3180,6123.55,9.294,-455800,46,0,4,0,0,15,31,31746.34,89.91,-50700
2026-07-08T11:25:08.406509+00:00,25,g025_0025_9585,14837.83,15.542,-424400,56,3,5,0,3,19,34,31746.34,89.91,-50700
2026-07-08T11:36:26.919002+00:00,26,g026_0026_3748,11396.62,13.95,-432400,53,2,5,0,2,12,39,31746.34,89.91,-50700
2026-07-08T11:37:26.105907+00:00,27,g027_0027_8418,12682.78,14.647,-428900,54,2,5,0,2,21,31,31746.34,89.91,-50700
2026-07-08T11:39:08.999994+00:00,28,g028_0028_4269,9384.61,12.179,-441300,53,1,5,0,1,15,37,31746.34,89.91,-50700
2026-07-08T11:39:42.290926+00:00,29,g029_0029_3324,13338.5,16.796,-418100,64,2,5,0,2,21,41,31746.34,89.91,-50700
2026-07-08T11:42:34.029448+00:00,30,g030_0030_7760,13904.76,15.085,-426700,61,2,5,0,2,28,31,31746.34,89.91,-50700
2026-07-08T11:45:26.388248+00:00,31,g031_0031_3861,10509.26,13.871,-432800,60,1,5,0,1,20,39,31746.34,89.91,-50700
2026-07-08T11:45:36.633090+00:00,32,g032_0032_8331,14890.46,15.682,-423700,60,3,5,0,3,18,39,31746.34,89.91,-50700
2026-07-08T11:46:35.676760+00:00,33,g033_0033_1860,7483.72,11.761,-443400,57,0,4,0,0,20,37,31746.34,89.91,-50700
2026-07-08T11:48:17.769595+00:00,34,g034_0034_5503,12033.18,13.632,-434000,53,2,5,0,2,17,34,31746.34,89.91,-50700
2026-07-08T11:50:00.856634+00:00,35,g035_0035_6665,13907.65,15.502,-424600,56,3,5,0,3,12,41,31746.34,89.91,-50700
2026-07-08T11:50:19.103322+00:00,36,g036_0036_1108,8763.2,13.194,-436200,60,0,4,0,0,28,32,31746.34,89.91,-50700
2026-07-08T11:50:37.194198+00:00,37,g037_0037_8987,7189.3,11.005,-447200,52,0,4,0,0,20,32,31746.34,89.91,-50700
2026-07-08T11:50:55.308337+00:00,38,g038_0038_6969,10369.9,13.791,-433200,60,1,5,0,1,19,40,31746.34,89.91,-50700
2026-07-08T11:53:46.777366+00:00,39,g039_0039_1794,11899.6,12.398,-440200,50,2,5,0,2,18,30,31746.34,89.91,-50700
2026-07-08T11:54:19.963615+00:00,40,g040_0040_2214,6891.3,11.005,-447200,54,0,4,0,0,17,37,31746.34,89.91,-50700
2026-07-08T12:29:52.470856+00:00,41,g041_0041_8725,10823.12,12.955,-437400,55,1,5,0,1,25,29,31746.34,89.91,-50700
2026-07-08T12:37:16.866279+00:00,42,g042_0042_1274,9932.29,13.214,-436100,54,1,5,0,1,18,35,31746.34,89.91,-50700
2026-07-08T12:54:12.001177+00:00,43,g043_0043_1336,9137.53,13.93,-432500,64,0,4,0,0,29,35,31746.34,89.91,-50700
2026-07-08T13:05:31.570838+00:00,44,g044_0044_7639,10008.73,13.532,-434500,55,1,5,0,1,18,36,31746.34,89.91,-50700
2026-07-08T13:10:12.420579+00:00,45,g045_0045_5949,7788.86,12.677,-438800,62,0,4,0,0,20,42,31746.34,89.91,-50700
2026-07-08T13:10:46.317370+00:00,46,g046_0046_5782,10541.1,13.393,-435200,59,1,5,0,1,21,37,31746.34,89.91,-50700
2026-07-08T13:15:26.881965+00:00,47,g047_0047_7390,8043.66,13.075,-436800,61,0,4,0,0,22,39,31746.34,89.91,-50700
2026-07-08T13:18:20.941113+00:00,48,g048_0048_4103,15985.68,16.836,-417900,65,3,5,0,3,24,38,31746.34,89.91,-50700
2026-07-08T13:23:00.866594+00:00,49,g049_0049_7885,9665.15,12.299,-440700,53,1,5,0,1,17,35,31746.34,89.91,-50700
2026-07-08T13:24:00.838911+00:00,50,g050_0050_3837,12629.33,14.547,-429400,53,2,5,0,2,21,30,31746.34,89.91,-50700
2026-07-08T13:40:57.356600+00:00,51,g051_0051_3768,14331.34,16.318,-420500,65,2,5,0,2,29,34,31746.34,89.91,-50700
2026-07-08T13:41:07.766279+00:00,52,g052_0052_6705,10736.99,14.03,-432000,62,1,5,0,1,21,40,31746.34,89.91,-50700
2026-07-08T13:41:26.071815+00:00,53,g053_0053_8931,7269.74,11.323,-445600,56,0,4,0,0,19,37,31746.34,89.91,-50700
2026-07-08T13:41:44.297863+00:00,54,g054_0054_5263,10880.8,14.209,-431100,62,1,5,0,1,22,39,31746.34,89.91,-50700
2026-07-08T14:31:57.836395+00:00,55,g055_0055_7399,9362.57,11.065,-446900,46,1,5,0,1,18,27,31746.34,89.91,-50700
2026-07-08T14:57:19.180215+00:00,56,g056_0056_7067,12913.08,14.05,-431900,55,2,5,0,2,23,30,31746.34,89.91,-50700
2026-07-08T15:14:15.360643+00:00,57,g057_0057_8104,11517.32,14.766,-428300,58,1,5,0,1,28,29,31746.34,89.91,-50700
2026-07-08T15:17:10.624337+00:00,58,g058_0058_4113,10421.66,13.075,-436800,57,1,5,0,1,21,35,31746.34,89.91,-50700
2026-07-08T15:17:21.063568+00:00,59,g059_0059_4552,10421.66,13.075,-436800,57,1,5,0,1,21,35,31746.34,89.91,-50700
2026-07-08T15:20:13.932876+00:00,60,g060_0060_1577,6784.33,10.348,-450500,50,0,4,0,0,18,32,31746.34,89.91,-50700
2026-07-08T15:23:06.266777+00:00,61,g061_0061_3115,10443.94,12.915,-437600,55,1,5,0,1,22,32,31746.34,89.91,-50700
2026-07-08T15:47:51.646199+00:00,62,g062_0062_2883,10029.23,12.537,-439500,55,1,5,0,1,19,35,31746.34,89.91,-50700
2026-07-08T15:48:51.077113+00:00,63,g063_0063_2198,8735.36,13.672,-433800,64,0,4,0,0,26,38,31746.34,89.91,-50700
2026-07-08T17:25:13.085081+00:00,64,g064_0064_3857,10776.65,13.294,-435700,56,1,5,0,1,24,31,31746.34,89.91,-50700
2026-07-08T17:50:08.784949+00:00,65,g065_0065_7808,10578.24,14.527,-429500,60,1,5,0,1,20,39,31746.34,89.91,-50700
2026-07-08T17:54:48.574949+00:00,66,g066_0066_7070,13444.47,15.463,-424800,61,2,5,0,2,24,35,31746.34,89.91,-50700
2026-07-08T18:06:18.872480+00:00,67,g067_0067_8256,13373.43,16.338,-420400,66,2,5,0,2,21,43,31746.34,89.91,-50700
2026-07-08T18:06:37.291115+00:00,68,g068_0068_1105,12490.0,13.592,-434200,55,2,5,0,2,20,33,31746.34,89.91,-50700
2026-07-08T18:23:37.286140+00:00,69,g069_0069_1416,12849.22,14.965,-427300,60,2,5,0,2,20,38,31746.34,89.91,-50700
2026-07-08T18:24:10.447247+00:00,70,g070_0070_3390,34018.15,92.299,-38700,64,4,6,1,3,23,37,34018.15,92.299,-38700
2026-07-08T18:24:20.756458+00:00,71,g071_0071_8809,13402.0,15.801,-423100,65,2,5,0,2,22,41,34018.15,92.299,-38700
2026-07-08T18:49:10.513130+00:00,72,g072_0072_5970,8762.43,10.149,-451500,43,1,5,0,1,15,27,34018.15,92.299,-38700
2026-07-08T19:00:31.250493+00:00,73,g073_0073_9914,10734.9,14.01,-432100,62,1,5,0,1,21,40,34018.15,92.299,-38700
2026-07-08T19:01:31.137098+00:00,74,g074_0074_5091,10493.8,14.209,-431100,62,1,5,0,1,19,42,34018.15,92.299,-38700
2026-07-08T19:08:54.974400+00:00,75,g075_0075_4773,12401.73,13.532,-434500,56,2,5,0,2,19,35,34018.15,92.299,-38700
2026-07-08T19:09:54.369799+00:00,76,g076_0076_9686,12765.49,15.025,-427000,55,2,5,0,2,21,32,34018.15,92.299,-38700
2026-07-08T19:11:38.202117+00:00,77,g077_0077_9289,13158.23,14.746,-428400,59,2,5,0,2,23,34,34018.15,92.299,-38700
2026-07-08T19:36:25.646576+00:00,78,g078_0078_6301,13003.97,14.468,-429800,59,2,5,0,2,22,35,34018.15,92.299,-38700
2026-07-08T19:39:19.528844+00:00,79,g079_0079_2817,16418.33,16.537,-419400,57,4,5,0,4,13,40,34018.15,92.299,-38700
2026-07-08T19:39:53.052397+00:00,80,g080_0080_5082,9550.59,12.617,-439100,56,1,5,0,1,15,40,34018.15,92.299,-38700
2026-07-08T19:40:03.304863+00:00,81,g081_0081_8907,14613.4,15.005,-427100,55,3,5,0,3,18,34,34018.15,92.299,-38700
2026-07-08T19:40:21.690108+00:00,82,g082_0082_1491,11671.93,15.343,-425400,66,1,5,0,1,26,39,34018.15,92.299,-38700
2026-07-08T19:42:04.951278+00:00,83,g083_0083_6812,10391.02,13.154,-436400,59,1,5,0,1,20,38,34018.15,92.299,-38700
2026-07-08T19:49:29.644016+00:00,84,g084_0084_4803,10844.69,12.418,-440100,51,1,5,0,1,27,23,34018.15,92.299,-38700
2026-07-08T20:10:36.989667+00:00,85,g085_0085_3727,13085.48,15.244,-425900,59,2,5,0,2,22,35,34018.15,92.299,-38700
2026-07-08T20:11:28.621583+00:00,86,g086_0086_4529,8042.24,12.318,-440600,57,0,4,0,0,24,33,34018.15,92.299,-38700
2026-07-08T20:13:58.977506+00:00,87,g087_0087_9249,12784.61,14.388,-430200,57,2,5,0,2,21,34,34018.15,92.299,-38700
2026-07-08T20:14:50.355551+00:00,88,g088_0088_6377,13509.22,14.965,-427300,55,2,5,0,2,27,26,34018.15,92.299,-38700
2026-07-08T20:15:06.005878+00:00,89,g089_0089_4547,13297.19,15.622,-424000,63,2,5,0,2,22,39,34018.15,92.299,-38700
2026-07-08T20:16:35.310868+00:00,90,g090_0090_2005,13949.54,15.92,-422500,60,2,5,0,2,28,30,34018.15,92.299,-38700
2026-07-08T20:16:50.952258+00:00,91,g091_0091_2526,12031.99,14.03,-432000,52,2,5,0,2,17,33,34018.15,92.299,-38700
2026-07-08T20:23:13.981135+00:00,92,g092_0092_2459,13510.46,15.682,-423700,62,2,5,0,2,24,36,34018.15,92.299,-38700
2026-07-08T20:25:44.169417+00:00,93,g093_0093_2182,10390.49,12.816,-438100,54,1,5,0,1,22,31,34018.15,92.299,-38700
2026-07-08T20:26:35.133631+00:00,94,g094_0094_6311,10541.81,13.771,-433300,61,1,5,0,1,20,40,34018.15,92.299,-38700
2026-07-08T20:27:03.706465+00:00,95,g095_0095_2546,7242.04,10.726,-448600,51,0,4,0,0,21,30,34018.15,92.299,-38700
2026-07-08T20:27:54.521507+00:00,96,g096_0096_9987,10611.27,13.652,-433900,60,1,5,0,1,21,38,34018.15,92.299,-38700
2026-07-08T20:31:59.138558+00:00,97,g097_0097_6898,13449.54,15.92,-422500,60,2,5,0,2,24,34,34018.15,92.299,-38700
2026-07-08T20:34:28.581856+00:00,98,g098_0098_8142,10693.99,14.03,-432000,61,1,5,0,1,21,39,34018.15,92.299,-38700
2026-07-08T20:35:20.160968+00:00,99,g099_0099_3107,10592.61,14.388,-430200,64,1,5,0,1,19,44,34018.15,92.299,-38700
2026-07-08T20:45:15.403579+00:00,100,g100_0100_3267,15041.85,17.095,-416600,68,2,5,0,2,33,33,34018.15,92.299,-38700
2026-07-08T21:00:09.686555+00:00,101,g101_0101_8954,17011.47,17.453,-414800,67,3,5,0,3,31,33,34018.15,92.299,-38700
2026-07-08T21:06:35.685508+00:00,102,g102_0102_7599,9961.15,12.299,-440700,54,1,5,0,1,19,34,34018.15,92.299,-38700
2026-07-08T21:21:26.751251+00:00,103,g103_0103_2875,7717.89,12.02,-442100,56,0,4,0,0,22,34,34018.15,92.299,-38700
2026-07-08T21:31:24.905390+00:00,104,g104_0104_2881,15764.23,16.736,-418400,63,3,5,0,3,23,37,34018.15,92.299,-38700
2026-07-08T21:41:18.079552+00:00,105,g105_0105_5264,8149.85,12.896,-437700,61,0,4,0,0,23,38,34018.15,92.299,-38700
2026-07-08T21:41:47.056017+00:00,106,g106_0106_4455,11911.44,14.129,-431500,52,2,5,0,2,16,34,34018.15,92.299,-38700
2026-07-08T21:42:16.219969+00:00,107,g107_0107_7446,13419.57,15.264,-425800,58,2,5,0,2,25,31,34018.15,92.299,-38700
2026-07-08T21:42:25.107010+00:00,108,g108_0108_9496,10680.73,13.532,-434500,59,1,5,0,1,22,36,34018.15,92.299,-38700
2026-07-08T22:13:39.194757+00:00,109,g109_0109_4061,13772.11,15.383,-425200,63,2,5,0,2,26,35,34018.15,92.299,-38700
2026-07-08T22:28:25.461036+00:00,110,g110_0110_5699,9871.13,12.736,-438500,57,1,5,0,1,17,39,34018.15,92.299,-38700
2026-07-08T22:38:20.462266+00:00,111,g111_0111_5885,12974.89,14.229,-431000,56,2,5,0,2,23,31,34018.15,92.299,-38700
2026-07-08T23:09:48.523847+00:00,112,g112_0112_2583,13369.41,14.786,-428200,58,2,5,0,2,25,31,34018.15,92.299,-38700
2026-07-08T23:16:08.902439+00:00,113,g113_0113_2551,16115.04,16.915,-417500,62,3,5,0,3,26,33,34018.15,92.299,-38700
2026-07-08T23:37:32.711236+00:00,114,g114_0114_4033,8948.63,13.731,-433500,63,0,4,0,0,28,35,34018.15,92.299,-38700
2026-07-08T23:52:03.924761+00:00,115,g115_0115_1069,11239.08,14.05,-431900,62,1,5,0,1,25,36,34018.15,92.299,-38700
2026-07-08T23:54:32.084926+00:00,116,g116_0116_2995,10580.1,13.393,-435200,57,1,5,0,1,22,34,34018.15,92.299,-38700
2026-07-08T23:55:59.150047+00:00,117,g117_0117_9399,12165.35,14.109,-431600,52,2,5,0,2,18,32,34018.15,92.299,-38700
2026-07-09T00:17:12.822580+00:00,118,g118_0118_6544,13965.9,16.0,-422100,66,2,5,0,2,26,38,34018.15,92.299,-38700
2026-07-09T00:23:33.332331+00:00,119,g119_0119_9874,10574.5,12.597,-439200,53,1,5,0,1,24,28,34018.15,92.299,-38700
2026-07-09T00:25:00.591281+00:00,120,g120_0120_2222,8039.44,11.92,-442600,55,0,4,0,0,25,30,34018.15,92.299,-38700
2026-07-09T00:25:15.885029+00:00,121,g121_0121_5492,10038.57,13.055,-436900,57,1,5,0,1,18,38,34018.15,92.299,-38700
2026-07-09T00:26:06.342748+00:00,122,g122_0122_5185,9686.92,11.363,-445400,47,1,5,0,1,20,26,34018.15,92.299,-38700
2026-07-09T00:27:33.610658+00:00,123,g123_0123_8505,10376.57,13.055,-436900,56,1,5,0,1,21,34,34018.15,92.299,-38700
2026-07-09T00:29:01.279382+00:00,124,g124_0124_1370,12827.79,14.428,-430000,55,2,5,0,2,22,31,34018.15,92.299,-38700
2026-07-09T00:35:18.837398+00:00,125,g125_0125_7559,7136.56,11.284,-445800,53,0,4,0,0,19,34,34018.15,92.299,-38700
2026-07-09T00:49:52.912978+00:00,126,g126_0126_4674,14600.86,16.876,-417700,67,2,5,0,2,30,35,34018.15,92.299,-38700
2026-07-09T01:50:08.356509+00:00,127,g127_0127_6353,15689.55,17.692,-413600,68,3,5,0,3,20,45,34018.15,92.299,-38700
2026-07-09T06:08:06.989537+00:00,128,g128_0128_5064,7637.27,11.662,-443900,55,0,4,0,0,22,33,34018.15,92.299,-38700
2026-07-09T06:33:11.447806+00:00,129,g129_0129_6833,8292.24,12.318,-440600,57,0,4,0,0,26,31,34018.15,92.299,-38700
2026-07-09T06:33:45.599369+00:00,130,g130_0130_7493,10466.75,13.095,-436700,58,1,5,0,1,21,36,34018.15,92.299,-38700
2026-07-09T06:58:42.819108+00:00,131,g131_0131_3527,11491.35,14.109,-431600,59,1,5,0,1,28,30,34018.15,92.299,-38700
2026-07-09T07:00:26.600345+00:00,132,g132_0132_2998,12188.64,13.512,-434600,54,2,5,0,2,18,34,34018.15,92.299,-38700
2026-07-09T07:03:22.449662+00:00,133,g133_0133_4837,9877.24,12.318,-440600,52,1,5,0,1,19,32,34018.15,92.299,-38700
2026-07-09T07:39:41.428285+00:00,134,g134_0134_2185,14031.18,15.841,-422900,65,2,5,0,2,27,36,34018.15,92.299,-38700
2026-07-09T08:15:29.797172+00:00,135,g135_0135_1267,9325.72,13.751,-433400,63,0,4,0,0,31,32,34018.15,92.299,-38700
2026-07-09T08:17:13.940497+00:00,136,g136_0136_1455,14485.69,14.627,-429000,56,3,5,0,3,17,36,34018.15,92.299,-38700
2026-07-09T08:17:48.683115+00:00,137,g137_0137_8434,10571.13,14.945,-427400,62,1,5,0,1,19,42,34018.15,92.299,-38700
2026-07-09T08:19:35.840885+00:00,138,g138_0138_9419,9932.78,12.438,-440000,53,1,5,0,1,19,33,34018.15,92.299,-38700
2026-07-09T08:36:46.152056+00:00,139,g139_0139_3163,9712.6,14.607,-429100,67,0,4,0,0,32,35,34018.15,92.299,-38700
2026-07-09T08:44:14.300160+00:00,140,g140_0140_7404,7283.84,11.124,-446600,51,0,4,0,0,21,30,34018.15,92.299,-38700
2026-07-09T09:09:32.656021+00:00,141,g141_0141_9365,13725.64,15.721,-423500,64,2,5,0,2,25,37,34018.15,92.299,-38700
2026-07-09T09:12:27.637840+00:00,142,g142_0142_1782,9874.44,11.92,-442600,50,1,5,0,1,20,29,34018.15,92.299,-38700
2026-07-09T09:24:01.679478+00:00,143,g143_0143_4903,10877.67,15.065,-426800,66,1,5,0,1,20,45,34018.15,92.299,-38700
2026-07-09T11:14:52.036570+00:00,144,g144_0144_5147,13987.47,15.463,-424800,62,2,5,0,2,28,32,34018.15,92.299,-38700
2026-07-09T11:16:35.874778+00:00,145,g145_0145_8662,15695.97,16.458,-419800,65,3,5,0,3,22,40,34018.15,92.299,-38700
2026-07-09T11:28:02.008405+00:00,146,g146_0146_9183,12349.17,13.851,-432900,54,2,5,0,2,19,33,34018.15,92.299,-38700
2026-07-09T11:28:12.422168+00:00,147,g147_0147_2812,9646.34,12.119,-441600,53,1,5,0,1,17,35,34018.15,92.299,-38700
2026-07-09T11:32:56.355047+00:00,148,g148_0148_3366,12059.18,13.632,-434000,57,2,5,0,2,16,39,34018.15,92.299,-38700
2026-07-09T11:33:30.199060+00:00,149,g149_0149_6140,14775.84,17.313,-415500,70,2,5,0,2,30,38,34018.15,92.299,-38700
2026-07-09T11:44:53.830864+00:00,150,g150_0150_2469,17097.03,17.134,-416400,59,4,5,0,4,17,38,34018.15,92.299,-38700
2026-07-09T11:45:53.082168+00:00,151,g151_0151_9952,10311.29,13.214,-436100,57,1,5,0,1,20,36,34018.15,92.299,-38700
2026-07-09T11:46:11.346601+00:00,152,g152_0152_1363,13596.59,14.826,-428000,50,3,5,0,3,12,35,34018.15,92.299,-38700
2026-07-09T11:47:54.254559+00:00,153,g153_0153_3097,10345.4,12.796,-438200,53,1,5,0,1,22,30,34018.15,92.299,-38700
2026-07-09T12:38:58.624207+00:00,154,g154_0154_3194,11539.95,14.905,-427600,64,1,5,0,1,26,37,34018.15,92.299,-38700
2026-07-09T12:43:38.436145+00:00,155,g155_0155_6412,15875.13,16.935,-417400,68,3,5,0,3,22,43,34018.15,92.299,-38700
2026-07-09T13:00:46.086760+00:00,156,g156_0156_3304,12710.26,16.08,-421700,68,1,5,0,1,33,34,34018.15,92.299,-38700
2026-07-09T13:01:45.959010+00:00,157,g157_0157_6144,12064.88,14.448,-429900,55,2,5,0,2,16,37,34018.15,92.299,-38700
2026-07-09T13:09:15.839454+00:00,158,g158_0158_1045,11671.93,15.343,-425400,66,1,5,0,1,26,39,34018.15,92.299,-38700
2026-07-09T13:20:39.505303+00:00,159,g159_0159_3691,9490.37,11.463,-444900,48,1,5,0,1,18,29,34018.15,92.299,-38700
2026-07-09T13:56:41.767020+00:00,160,g160_0160_8322,9014.58,12.836,-438000,58,0,4,0,0,31,27,34018.15,92.299,-38700
2026-07-09T13:57:00.194735+00:00,161,g161_0161_2661,10421.13,12.736,-438500,52,1,5,0,1,23,28,34018.15,92.299,-38700
2026-07-09T14:21:52.187592+00:00,162,g162_0162_4090,9252.36,11.682,-443800,51,1,5,0,1,15,35,34018.15,92.299,-38700
2026-07-09T14:33:11.554538+00:00,163,g163_0163_3475,15245.2,17.393,-415100,72,2,5,0,2,33,37,34018.15,92.299,-38700
2026-07-09T14:33:45.117541+00:00,164,g164_0164_2481,9774.45,15.9,-422600,74,0,4,0,0,29,45,34018.15,92.299,-38700
2026-07-09T14:34:18.291192+00:00,165,g165_0165_5455,11906.27,13.652,-433900,50,2,5,0,2,17,31,34018.15,92.299,-38700
2026-07-09T14:34:51.821965+00:00,166,g166_0166_5344,7852.67,12.856,-437900,60,0,4,0,0,21,39,34018.15,92.299,-38700
2026-07-09T14:37:44.124151+00:00,167,g167_0167_6173,17778.59,16.816,-418000,55,4,5,0,4,24,27,34018.15,92.299,-38700
2026-07-09T14:54:42.318775+00:00,168,g168_0168_6060,11081.53,14.149,-431400,61,1,5,0,1,24,36,34018.15,92.299,-38700
2026-07-09T16:06:47.015261+00:00,169,g169_0169_3765,12593.62,14.169,-431300,56,2,5,0,2,20,34,34018.15,92.299,-38700
2026-07-09T16:24:46.959870+00:00,170,g170_0170_8451,11009.26,13.871,-432800,60,1,5,0,1,24,35,34018.15,92.299,-38700
2026-07-09T17:01:38.795271+00:00,171,g171_0171_2675,10959.28,13.433,-435000,57,1,5,0,1,25,31,34018.15,92.299,-38700
2026-07-09T17:02:21.582247+00:00,172,g172_0172_4623,11825.45,13.692,-433700,51,2,5,0,2,16,33,34018.15,92.299,-38700
2026-07-09T17:14:41.722505+00:00,173,g173_0173_4339,14095.26,16.08,-421700,63,2,5,0,2,28,33,34018.15,92.299,-38700
2026-07-09T17:15:55.498310+00:00,174,g174_0174_5932,10791.81,13.771,-433300,61,1,5,0,1,22,38,34018.15,92.299,-38700
2026-07-09T17:33:51.573234+00:00,175,g175_0175_7028,12912.9,14.01,-432100,58,2,5,0,2,22,34,34018.15,92.299,-38700
2026-07-09T17:33:59.073297+00:00,176,g176_0176_6009,9859.81,11.781,-443300,50,1,5,0,1,20,29,34018.15,92.299,-38700
2026-07-09T17:39:17.397296+00:00,177,g177_0177_1353,12790.7,14.408,-430100,60,2,5,0,2,20,38,34018.15,92.299,-38700
2026-07-09T17:40:00.013313+00:00,178,g178_0178_7770,11236.27,13.652,-433900,60,1,5,0,1,26,33,34018.15,92.299,-38700
2026-07-09T17:40:13.355193+00:00,179,g179_0179_5106,11332.95,14.905,-427600,65,1,5,0,1,24,40,34018.15,92.299,-38700
2026-07-09T17:43:35.130108+00:00,180,g180_0180_1440,11971.91,15.781,-423200,69,1,5,0,1,27,41,34018.15,92.299,-38700
2026-07-09T17:44:49.267110+00:00,181,g181_0181_2470,9841.53,11.94,-442500,55,1,5,0,1,18,36,34018.15,92.299,-38700
2026-07-09T17:57:06.337199+00:00,182,g182_0182_7647,9186.8,13.99,-432200,65,0,4,0,0,29,36,34018.15,92.299,-38700
2026-07-09T18:02:26.288063+00:00,183,g183_0183_9655,11096.87,14.667,-428800,63,1,5,0,1,23,39,34018.15,92.299,-38700
2026-07-09T18:04:29.537926+00:00,184,g184_0184_5533,11843.09,13.612,-434100,55,2,5,0,2,15,38,34018.15,92.299,-38700
2026-07-09T18:22:36.107391+00:00,185,g185_0185_4676,12203.63,13.731,-433500,57,2,5,0,2,17,38,34018.15,92.299,-38700
2026-07-09T18:58:58.330109+00:00,186,g186_0186_6394,15449.44,16.119,-421500,63,3,5,0,3,21,39,34018.15,92.299,-38700
2026-07-09T19:04:18.154956+00:00,187,g187_0187_1303,6907.24,10.328,-450600,50,0,4,0,0,19,31,34018.15,92.299,-38700
2026-07-09T19:04:42.177696+00:00,188,g188_0188_6824,10599.8,13.99,-432200,56,1,5,0,1,22,33,34018.15,92.299,-38700
2026-07-09T19:08:04.347458+00:00,189,g189_0189_7469,10761.35,13.891,-432700,60,1,5,0,1,22,37,34018.15,92.299,-38700
2026-07-09T19:34:03.310812+00:00,190,g190_0190_6399,14866.87,16.657,-418800,65,2,5,0,2,33,30,34018.15,92.299,-38700
2026-07-09T19:39:21.930340+00:00,191,g191_0191_1392,6501.07,10.07,-451900,47,0,4,0,0,17,30,34018.15,92.299,-38700
2026-07-09T19:47:37.324380+00:00,192,g192_0192_2751,11335.04,14.925,-427500,65,1,5,0,1,24,40,34018.15,92.299,-38700
2026-07-09T19:52:57.255477+00:00,193,g193_0193_6881,9841.67,10.866,-447900,46,1,5,0,1,22,23,34018.15,92.299,-38700
2026-07-09T20:05:17.106897+00:00,194,g194_0194_5318,14547.94,17.114,-416500,71,2,5,0,2,28,41,34018.15,92.299,-38700
2026-07-09T20:07:21.540654+00:00,195,g195_0195_1015,8123.39,13.015,-437100,63,0,4,0,0,22,41,34018.15,92.299,-38700
2026-07-09T20:08:04.446288+00:00,196,g196_0196_8978,9981.85,12.896,-437700,56,1,5,0,1,18,37,34018.15,92.299,-38700
2026-07-09T20:09:18.281565+00:00,197,g197_0197_8192,6788.51,10.388,-450300,50,0,4,0,0,18,32,34018.15,92.299,-38700
2026-07-09T20:21:34.494381+00:00,198,g198_0198_7486,12535.09,13.612,-434100,56,2,5,0,2,20,34,34018.15,92.299,-38700
2026-07-09T20:22:17.038526+00:00,199,g199_0199_2845,12645.69,14.627,-429000,59,2,5,0,2,19,38,34018.15,92.299,-38700
2026-07-09T20:27:38.422234+00:00,200,g200_0200_3626,28464.64,93.512,-32600,47,2,6,1,1,19,26,34018.15,92.299,-38700
2026-07-09T20:28:52.737962+00:00,201,g201_0201_7754,8421.46,13.473,-434800,63,0,4,0,0,24,39,34018.15,92.299,-38700
2026-07-09T21:05:37.033576+00:00,202,g202_0202_2463,13758.37,15.662,-423800,62,2,5,0,2,26,34,34018.15,92.299,-38700
2026-07-09T21:31:11.562033+00:00,203,g203_0203_5233,15484.97,16.458,-419800,63,3,5,0,3,21,39,34018.15,92.299,-38700
2026-07-09T21:31:44.680953+00:00,204,g204_0204_4876,13233.78,14.647,-428900,61,2,5,0,2,23,36,34018.15,92.299,-38700
2026-07-09T21:36:25.632956+00:00,205,g205_0205_9916,16589.07,16.259,-420800,63,3,5,0,3,30,30,34018.15,92.299,-38700
2026-07-09T21:53:20.854576+00:00,206,g206_0206_1958,9182.62,13.95,-432400,65,0,4,0,0,29,36,34018.15,92.299,-38700
2026-07-09T21:55:03.530125+00:00,207,g207_0207_4202,10996.72,13.751,-433400,60,1,5,0,1,24,35,34018.15,92.299,-38700
2026-07-09T22:19:53.874372+00:00,208,g208_0208_6540,12129.96,14.687,-428700,56,2,5,0,2,16,38,34018.15,92.299,-38700
2026-07-09T22:31:16.119712+00:00,209,g209_0209_2349,14820.93,17.333,-415400,71,2,5,0,2,30,39,34018.15,92.299,-38700
2026-07-09T22:31:26.558674+00:00,210,g210_0210_7039,12340.81,13.771,-433300,54,2,5,0,2,19,33,34018.15,92.299,-38700
2026-07-09T22:56:04.837338+00:00,211,g211_0211_2064,7614.99,11.821,-443100,57,0,4,0,0,21,36,34018.15,92.299,-38700
2026-07-09T23:21:02.065068+00:00,212,g212_0212_5396,11555.47,15.463,-424800,63,1,5,0,1,26,36,34018.15,92.299,-38700
2026-07-09T23:25:40.862728+00:00,213,g213_0213_7764,10980.71,13.97,-432300,62,1,5,0,1,23,38,34018.15,92.299,-38700
2026-07-09T23:50:35.715402+00:00,214,g214_0214_6613,11484.41,14.786,-428200,63,1,5,0,1,26,36,34018.15,92.299,-38700
2026-07-09T23:50:54.081867+00:00,215,g215_0215_2384,10702.3,12.995,-437200,55,1,5,0,1,24,30,34018.15,92.299,-38700
2026-07-09T23:55:35.007353+00:00,216,g216_0216_1136,11227.43,14.348,-430400,61,1,5,0,1,25,35,34018.15,92.299,-38700
2026-07-10T00:31:00.236827+00:00,217,g217_0217_5058,13059.51,14.587,-429200,60,2,5,0,2,22,36,34018.15,92.299,-38700
2026-07-10T00:48:03.240379+00:00,218,g218_0218_9362,11817.12,15.164,-426300,64,1,5,0,1,28,35,34018.15,92.299,-38700
2026-07-10T00:49:45.663971+00:00,219,g219_0219_8330,13512.73,15.741,-423400,59,2,5,0,2,25,32,34018.15,92.299,-38700
2026-07-10T01:40:26.523169+00:00,220,g220_0220_2860,14766.06,16.478,-419700,66,2,5,0,2,32,32,34018.15,92.299,-38700
2026-07-10T02:50:29.870315+00:00,221,g221_0221_4100,10349.4,12.796,-438200,56,1,5,0,1,21,34,34018.15,92.299,-38700
