created_at,iteration,genome_id,objective_name,objective_version,hit_first_objective_score,match_quality_score,temporal_segment_match_score_min,temporal_segment_match_score_median,diversity_quality_score,average_max_main_match,draw_main4_plus_rate_percent,draw_main5_plus_count,draw_main6_plus_count,average_portfolio_unique_numbers,mean_ticket_pair_overlap,payout_roi_percent,profit,top1_payout_share,best_hit_first_objective_score
2026-07-22T04:44:23.850333+00:00,1,g001_0001_7180,hit_first_temporal_robustness,loto7-hit-first-2026.07.22-v1,12.235979,9.55489,8.095245,9.821427,37.213649,1.703264,3.264,1,0,9.958457,5.68546,14.322,-433100,0.241713,17.220909
2026-07-22T04:44:33.544727+00:00,2,g002_0002_7087,hit_first_temporal_robustness,loto7-hit-first-2026.07.22-v1,16.515126,12.09199,10.654755,12.245798,57.288573,2.038576,5.935,2,0,11.994065,3.958754,15.035,-429500,0.093421,17.220909
2026-07-22T05:07:47.119451+00:00,3,g003_0034_7855,hit_first_temporal_robustness,loto7-hit-first-2026.07.22-v1,11.931713,9.33233,8.03572,9.321777,36.376114,1.694362,2.671,1,0,9.845697,5.74451,14.144,-434000,0.160839,17.220909
2026-07-22T05:08:04.036912+00:00,4,g004_0004_4847,hit_first_temporal_robustness,loto7-hit-first-2026.07.22-v1,11.925315,9.213655,8.214295,9.321777,36.999997,1.700297,2.374,0,0,9.84273,5.659941,11.474,-447500,0.094828,17.220909
2026-07-22T05:12:27.969441+00:00,5,g005_0053_5803,hit_first_temporal_robustness,loto7-hit-first-2026.07.22-v1,15.412533,11.39465,9.4643,11.607145,52.862761,1.934718,5.341,2,0,12.240356,4.663798,15.549,-426900,0.138677,17.220909
2026-07-22T05:35:43.572355+00:00,6,g006_0061_2291,hit_first_temporal_robustness,loto7-hit-first-2026.07.22-v1,11.897005,9.228475,8.095245,9.43733,36.569731,1.673591,2.671,1,0,9.863501,5.727003,13.511,-437200,0.168375,17.220909
2026-07-22T05:37:19.200956+00:00,7,g007_0007_6725,hit_first_temporal_robustness,loto7-hit-first-2026.07.22-v1,14.735633,10.875365,8.869055,11.271015,50.60831,1.884273,4.451,2,0,11.821958,4.769139,14.283,-433300,0.15097,17.220909
2026-07-22T07:06:55.454717+00:00,8,g008_0008_9589,hit_first_temporal_robustness,loto7-hit-first-2026.07.22-v1,17.518528,12.091985,9.88096,12.52977,67.600894,2.068249,5.638,1,0,14.649852,3.823145,14.243,-433500,0.151389,17.518528
2026-07-22T09:56:35.278972+00:00,9,g009_0009_8795,hit_first_temporal_robustness,loto7-hit-first-2026.07.22-v1,17.31659,12.15134,10.000005,12.619053,64.963653,2.103858,5.045,2,0,14.089021,3.913056,14.342,-433000,0.150345,17.518528
2026-07-22T10:00:33.465749+00:00,10,g010_0010_4590,hit_first_temporal_robustness,loto7-hit-first-2026.07.22-v1,16.783259,11.35016,9.642865,11.594553,66.753711,2.038576,3.858,0,0,14.388724,3.814243,9.871,-455600,0.07014,17.518528
2026-07-22T10:04:31.237699+00:00,11,g011_0011_1116,hit_first_temporal_robustness,loto7-hit-first-2026.07.22-v1,15.234668,11.17209,9.64287,11.150225,53.04748,1.95549,4.451,1,0,12.249258,4.643323,13.274,-438400,0.122206,17.518528
2026-07-22T10:18:51.611567+00:00,12,g012_0122_1939,hit_first_temporal_robustness,loto7-hit-first-2026.07.22-v1,17.342528,12.002945,9.70239,12.58929,66.535604,2.068249,5.341,1,0,14.424332,3.859941,14.698,-431200,0.146703,17.518528
2026-07-22T10:19:07.006070+00:00,13,g013_0013_4714,hit_first_temporal_robustness,loto7-hit-first-2026.07.22-v1,14.877556,11.290795,9.16668,11.696442,48.370921,1.866469,5.935,3,0,11.397626,4.869436,16.716,-421000,0.126627,17.518528
2026-07-22T10:20:33.586407+00:00,14,g014_0144_5197,hit_first_temporal_robustness,loto7-hit-first-2026.07.22-v1,14.616469,10.786365,9.107155,11.190472,49.945843,1.902077,3.858,2,0,11.721068,4.810386,14.065,-434400,0.153305,17.518528
2026-07-22T10:21:59.751943+00:00,15,g015_0015_2347,hit_first_temporal_robustness,loto7-hit-first-2026.07.22-v1,14.965492,11.172095,9.82145,11.147065,50.216617,1.931751,4.451,3,0,11.759644,4.792285,15.846,-425400,0.154806,17.518528
2026-07-22T10:22:49.654878+00:00,16,g016_0016_6931,hit_first_temporal_robustness,loto7-hit-first-2026.07.22-v1,14.694932,10.801205,9.583345,11.003853,50.469585,1.905045,3.858,2,0,11.79822,4.776558,14.105,-434200,0.137447,17.518528
2026-07-22T10:24:16.593881+00:00,17,g017_0173_8847,hit_first_temporal_robustness,loto7-hit-first-2026.07.22-v1,17.46201,12.29969,10.357155,12.470243,65.272254,2.103858,5.341,3,0,14.065282,3.860831,17.191,-418600,0.125432,17.518528
2026-07-22T10:26:41.486123+00:00,18,g018_0018_9056,hit_first_temporal_robustness,loto7-hit-first-2026.07.22-v1,14.884563,10.94956,8.63095,11.541325,51.444358,1.916914,4.154,2,0,11.976261,4.729674,14.698,-431200,0.146703,17.518528
2026-07-22T10:27:31.458825+00:00,19,g019_0019_6855,hit_first_temporal_robustness,loto7-hit-first-2026.07.22-v1,17.310856,12.151325,9.88096,12.662467,64.949556,2.086053,5.341,2,0,13.931751,3.841543,14.599,-431700,0.108401,17.518528
2026-07-22T10:29:55.964039+00:00,20,g020_0201_5691,hit_first_temporal_robustness,loto7-hit-first-2026.07.22-v1,15.181272,11.27597,9.7024,11.33928,51.511871,1.934718,4.748,3,0,11.982196,4.723442,14.461,-432400,0.169631,17.518528
2026-07-22T10:30:04.664827+00:00,21,g021_0021_9481,hit_first_temporal_robustness,loto7-hit-first-2026.07.22-v1,16.801295,12.46291,10.833325,12.277315,57.373142,2.053412,7.122,1,0,11.994065,3.947478,14.382,-432800,0.134801,17.518528
2026-07-22T10:31:31.189165+00:00,22,g022_0022_2903,hit_first_temporal_robustness,loto7-hit-first-2026.07.22-v1,14.658919,10.964375,9.047625,11.479,48.825668,1.913947,4.451,1,0,11.563798,4.88635,14.402,-432700,0.067308,17.518528
2026-07-22T10:52:18.997455+00:00,23,g023_0231_7030,hit_first_temporal_robustness,loto7-hit-first-2026.07.22-v1,14.294944,10.37091,8.80953,10.771355,50.379821,1.860534,3.561,0,0,11.863501,4.818991,12.206,-443800,0.06483,17.518528
2026-07-22T11:01:49.944883+00:00,24,g024_0024_3785,hit_first_temporal_robustness,loto7-hit-first-2026.07.22-v1,14.740244,10.80119,9.821435,10.625013,51.186946,1.88724,4.154,2,0,11.973294,4.762611,14.876,-430300,0.131649,17.518528
2026-07-22T11:02:39.549014+00:00,25,g025_0025_1488,hit_first_temporal_robustness,loto7-hit-first-2026.07.22-v1,12.316856,9.70326,8.33334,9.939773,36.651337,1.732938,3.264,1,0,9.857567,5.713353,10.722,-451300,0.149446,17.518528
2026-07-22T11:03:07.469864+00:00,26,g026_0262_7782,hit_first_temporal_robustness,loto7-hit-first-2026.07.22-v1,17.505918,12.52226,10.2381,13.196075,63.377595,2.11276,6.231,1,1,13.480712,3.840653,87.577,-62800,0.853851,17.518528
2026-07-22T11:05:31.976979+00:00,27,g027_0027_5136,hit_first_temporal_robustness,loto7-hit-first-2026.07.22-v1,14.365194,10.53413,8.92858,10.68137,49.952524,1.88724,3.264,2,0,11.765579,4.830267,13.136,-439100,0.164157,17.518528
2026-07-22T11:19:46.387948+00:00,28,g028_0028_9986,hit_first_temporal_robustness,loto7-hit-first-2026.07.22-v1,14.818652,10.830875,9.10715,11.27976,51.548961,1.910979,3.858,2,0,12.029674,4.740653,13.136,-439100,0.164157,17.518528
2026-07-22T11:29:23.788322+00:00,29,g029_0029_5238,hit_first_temporal_robustness,loto7-hit-first-2026.07.22-v1,17.504195,12.06231,9.642865,12.648815,67.712911,2.05638,5.935,0,0,14.602374,3.786053,12.681,-441400,0.054602,17.518528
2026-07-22T11:29:51.921960+00:00,30,g030_0030_3961,hit_first_temporal_robustness,loto7-hit-first-2026.07.22-v1,15.283031,11.63204,9.4643,12.083345,49.334572,1.934718,5.935,3,0,11.593472,4.832344,17.171,-418700,0.118664,17.518528
2026-07-22T11:30:20.129543+00:00,31,g031_0031_2266,hit_first_temporal_robustness,loto7-hit-first-2026.07.22-v1,12.165691,9.451045,7.916675,9.525915,37.735161,1.700297,2.967,1,0,9.973294,5.622849,11.929,-445200,0.190713,17.518528
2026-07-22T11:36:38.513130+00:00,32,g032_0032_7330,hit_first_temporal_robustness,loto7-hit-first-2026.07.22-v1,17.066238,11.66173,9.464295,12.186273,66.835311,2.047478,4.748,0,0,14.454006,3.833828,11.81,-445800,0.063652,17.518528
2026-07-22T11:42:52.475440+00:00,33,g033_0033_6989,hit_first_temporal_robustness,loto7-hit-first-2026.07.22-v1,15.075233,11.157255,9.2262,11.446435,51.534866,1.928783,4.451,3,0,11.979228,4.718991,16.894,-420100,0.127635,17.518528
2026-07-22T11:49:06.736847+00:00,34,g034_0341_6705,hit_first_temporal_robustness,loto7-hit-first-2026.07.22-v1,17.419929,12.2997,10.119055,12.351192,65.184718,2.103858,5.935,0,0,14.11276,3.894659,11.335,-448200,0.066318,17.518528
2026-07-22T11:49:56.589219+00:00,35,g035_0353_3579,hit_first_temporal_robustness,loto7-hit-first-2026.07.22-v1,17.428196,12.255205,10.119055,12.68767,65.175074,2.077151,6.231,0,0,13.902077,3.797626,12.127,-444200,0.047308,17.518528
2026-07-22T11:59:36.682397+00:00,36,g036_0036_3642,hit_first_temporal_robustness,loto7-hit-first-2026.07.22-v1,17.037416,11.869435,9.58334,12.023805,65.192877,2.077151,4.748,1,0,14.160237,3.915727,13.314,-438200,0.072808,17.518528
2026-07-22T12:03:35.734689+00:00,37,g037_0371_9957,hit_first_temporal_robustness,loto7-hit-first-2026.07.22-v1,12.572604,9.79228,8.571435,9.99896,38.324183,1.750742,3.264,1,0,10.083086,5.595549,14.698,-431200,0.154778,17.518528
2026-07-22T12:33:56.683416+00:00,38,g038_0384_1798,hit_first_temporal_robustness,loto7-hit-first-2026.07.22-v1,17.886458,12.4629,10.4762,12.916665,67.743327,2.10089,5.935,3,0,14.649852,3.804154,16.123,-424000,0.110429,17.886458
2026-07-22T15:48:39.204995+00:00,39,g039_0039_4692,hit_first_temporal_robustness,loto7-hit-first-2026.07.22-v1,15.062669,11.246295,9.285725,11.66667,50.474039,1.928783,4.748,3,0,11.709199,4.734421,16.459,-422300,0.098558,17.886458
2026-07-22T15:48:57.784101+00:00,40,g040_0040_9576,hit_first_temporal_robustness,loto7-hit-first-2026.07.22-v1,11.962193,9.258145,8.15477,9.229347,37.21588,1.679525,2.671,1,0,9.905045,5.660237,13.65,-436500,0.166667,17.886458
2026-07-22T16:00:17.209664+00:00,41,g041_0041_4352,hit_first_temporal_robustness,loto7-hit-first-2026.07.22-v1,17.068791,11.824925,9.642865,11.964295,65.841992,2.068249,4.748,1,0,14.27003,3.880415,14.065,-434400,0.068917,17.886458
2026-07-22T16:00:50.554260+00:00,42,g042_0042_9972,hit_first_temporal_robustness,loto7-hit-first-2026.07.22-v1,15.011536,11.21661,9.4643,11.686625,50.003704,1.89911,5.341,2,0,11.632047,4.761128,14.54,-432000,0.168707,17.886458
2026-07-22T16:01:23.818840+00:00,43,g043_0043_1125,hit_first_temporal_robustness,loto7-hit-first-2026.07.22-v1,14.708241,10.830865,9.94049,10.531173,50.67656,1.922849,3.858,1,0,11.735905,4.719881,12.305,-443300,0.149518,17.886458
2026-07-22T16:12:41.029832+00:00,44,g044_0044_6558,hit_first_temporal_robustness,loto7-hit-first-2026.07.22-v1,12.410605,9.79228,8.33334,10.175773,36.682494,1.721068,3.561,2,0,9.866469,5.713353,15.687,-426200,0.145019,17.886458
2026-07-22T16:13:40.725665+00:00,45,g045_0045_1325,hit_first_temporal_robustness,loto7-hit-first-2026.07.22-v1,12.360546,9.54006,8.80954,9.556717,38.309347,1.712166,3.264,0,0,10.04451,5.579525,10.049,-454700,0.108268,17.886458
2026-07-22T16:30:37.837684+00:00,46,g046_0463_3683,hit_first_temporal_robustness,loto7-hit-first-2026.07.22-v1,15.126302,11.023745,8.809525,11.596998,53.132791,1.931751,4.154,2,0,12.290801,4.651335,14.639,-431500,0.147297,17.886458
2026-07-22T16:33:30.929744+00:00,47,g047_0047_3478,hit_first_temporal_robustness,loto7-hit-first-2026.07.22-v1,17.24201,11.899105,9.940485,12.215332,66.515576,2.077151,5.045,0,0,14.344214,3.825223,11.632,-446700,0.068027,17.886458
2026-07-22T16:33:41.194626+00:00,48,g048_0048_8964,hit_first_temporal_robustness,loto7-hit-first-2026.07.22-v1,14.754926,11.157275,9.52382,11.428572,48.114989,1.910979,4.748,3,0,11.237389,4.828783,14.995,-429700,0.141161,17.886458
2026-07-22T16:50:41.515611+00:00,49,g049_0049_9507,hit_first_temporal_robustness,loto7-hit-first-2026.07.22-v1,12.232449,9.51038,7.559525,9.466043,38.344954,1.694362,3.264,1,0,10.115727,5.608012,11.454,-447600,0.198618,17.886458
2026-07-22T17:15:19.092788+00:00,50,g050_0050_4367,hit_first_temporal_robustness,loto7-hit-first-2026.07.22-v1,12.297511,9.406515,7.916675,9.378853,39.541541,1.709199,2.671,1,0,10.296736,5.532938,11.296,-448400,0.201401,17.886458
2026-07-22T17:17:02.007368+00:00,51,g051_0051_8255,hit_first_temporal_robustness,loto7-hit-first-2026.07.22-v1,15.060161,11.11276,8.869055,11.369048,52.074187,1.896142,5.045,2,0,12.065282,4.68724,14.184,-433800,0.114365,17.886458
2026-07-22T17:24:22.894150+00:00,52,g052_0052_4550,hit_first_temporal_robustness,loto7-hit-first-2026.07.22-v1,14.82729,10.964385,9.52382,10.922628,50.795996,1.902077,4.451,2,0,11.881306,4.77181,14.955,-429900,0.12963,17.886458
2026-07-22T17:26:05.691850+00:00,53,g053_0053_5833,hit_first_temporal_robustness,loto7-hit-first-2026.07.22-v1,14.699621,10.75669,8.92858,10.800065,51.596441,1.896142,3.858,2,0,11.982196,4.712166,13.867,-435400,0.17689,17.886458
2026-07-22T17:42:55.739028+00:00,54,g054_0543_4552,hit_first_temporal_robustness,loto7-hit-first-2026.07.22-v1,12.389435,9.55489,7.797625,9.971988,38.805639,1.703264,3.264,1,0,10.186944,5.579822,12.186,-443900,0.186688,17.886458
2026-07-22T17:54:11.351778+00:00,55,g055_0553_2617,hit_first_temporal_robustness,loto7-hit-first-2026.07.22-v1,14.408702,10.682475,8.92858,10.972355,49.000001,1.910979,3.561,1,0,11.596439,4.878338,11.909,-445300,0.154485,17.886458
2026-07-22T18:01:32.763721+00:00,56,g056_0562_2057,hit_first_temporal_robustness,loto7-hit-first-2026.07.22-v1,14.835574,11.11275,8.988105,11.22024,49.911719,1.878338,5.341,2,0,11.759644,4.832938,13.729,-436100,0.154179,17.886458
2026-07-22T18:03:15.937639+00:00,57,g057_0057_9170,hit_first_temporal_robustness,loto7-hit-first-2026.07.22-v1,14.888582,11.053425,8.690485,11.488098,50.773743,1.902077,4.748,2,0,11.881306,4.774777,14.243,-433500,0.113889,17.886458
2026-07-22T18:10:36.261746+00:00,58,g058_0058_9658,hit_first_temporal_robustness,loto7-hit-first-2026.07.22-v1,16.533398,11.33532,9.2262,11.160728,65.212909,2.035608,3.858,0,0,14.160237,3.913056,11.414,-447800,0.057192,17.886458
2026-07-22T21:42:21.280005+00:00,59,g059_0059_3120,hit_first_temporal_robustness,loto7-hit-first-2026.07.22-v1,12.177327,9.48071,8.33334,9.70309,37.09792,1.712166,2.671,2,0,9.88724,5.667656,15.351,-427900,0.148196,17.886458
2026-07-22T23:17:29.464958+00:00,60,g060_0604_6539,hit_first_temporal_robustness,loto7-hit-first-2026.07.22-v1,11.839982,9.15431,7.79762,9.261205,36.968105,1.694362,2.077,1,0,9.89911,5.690504,11.414,-447800,0.199307,17.886458
2026-07-22T23:17:48.001767+00:00,61,g061_0612_8672,hit_first_temporal_robustness,loto7-hit-first-2026.07.22-v1,14.334017,10.5638,8.9881,10.650208,49.422845,1.869436,3.858,1,0,11.51632,4.78457,11.85,-445600,0.155259,17.886458
2026-07-22T23:18:06.618215+00:00,62,g062_0624_3486,hit_first_temporal_robustness,loto7-hit-first-2026.07.22-v1,16.859684,12.12166,10.714305,12.393207,60.301931,2.074184,5.638,1,0,12.875371,3.968249,14.916,-430100,0.100796,17.886458
2026-07-22T23:25:33.875789+00:00,63,g063_0063_1429,hit_first_temporal_robustness,loto7-hit-first-2026.07.22-v1,17.263951,11.95845,10.65478,11.875003,66.156529,2.047478,5.341,2,0,14.329377,3.866172,13.234,-438600,0.16293,17.886458
2026-07-22T23:30:13.133194+00:00,64,g064_0064_9605,hit_first_temporal_robustness,loto7-hit-first-2026.07.22-v1,14.843768,11.0534,8.869055,11.567585,50.087534,1.908012,4.451,3,0,11.759644,4.809496,15.925,-425000,0.135404,17.886458
2026-07-22T23:31:12.317497+00:00,65,g065_0065_5480,hit_first_temporal_robustness,loto7-hit-first-2026.07.22-v1,14.840868,11.12761,9.166675,11.479,49.407267,1.916914,4.748,2,0,11.632047,4.840653,13.373,-437900,0.161243,17.886458
2026-07-22T23:48:05.213633+00:00,66,g066_0066_9101,hit_first_temporal_robustness,loto7-hit-first-2026.07.22-v1,17.573618,12.077165,10.47618,12.440482,67.886498,2.041543,6.231,0,0,14.664688,3.791988,12.542,-442100,0.055205,17.886458
2026-07-22T23:50:57.571179+00:00,67,g067_0067_8498,hit_first_temporal_robustness,loto7-hit-first-2026.07.22-v1,17.535176,12.225505,9.642865,12.79763,66.701778,2.077151,5.935,1,0,14.356083,3.805935,13.195,-438800,0.104948,17.886458
2026-07-23T00:15:31.747308+00:00,68,g068_0682_5602,hit_first_temporal_robustness,loto7-hit-first-2026.07.22-v1,14.638897,10.682475,9.166675,10.863103,51.24258,1.910979,3.561,1,0,12.0,4.767656,13.729,-436100,0.119597,17.886458
2026-07-23T04:01:13.774694+00:00,69,g069_0694_7812,hit_first_temporal_robustness,loto7-hit-first-2026.07.22-v1,12.306019,9.5994,8.15477,9.734237,37.659492,1.712166,3.264,1,0,10.0,5.645401,13.927,-435100,0.163352,17.886458
2026-07-23T04:08:03.163404+00:00,70,g070_0703_8150,hit_first_temporal_robustness,loto7-hit-first-2026.07.22-v1,11.96077,9.317495,7.9762,9.468825,36.641689,1.691395,2.671,1,0,9.860534,5.716024,13.215,-438700,0.172156,17.886458
2026-07-23T04:10:44.307975+00:00,71,g071_0712_5974,hit_first_temporal_robustness,loto7-hit-first-2026.07.22-v1,15.099602,11.08308,9.047625,11.298675,52.61795,1.925816,4.451,2,0,12.142433,4.650742,13.749,-436000,0.178417,17.886458
2026-07-23T04:11:15.416453+00:00,72,g072_0072_7240,hit_first_temporal_robustness,loto7-hit-first-2026.07.22-v1,17.077568,12.04749,10.4762,12.33368,63.26187,2.10089,4.748,2,0,13.51632,3.8727,14.54,-432000,0.115646,17.886458
2026-07-23T04:15:36.423253+00:00,73,g073_0073_8784,hit_first_temporal_robustness,loto7-hit-first-2026.07.22-v1,14.717958,10.741845,8.750005,11.002115,51.784123,1.905045,3.858,1,0,12.041543,4.714837,11.177,-449000,0.164602,17.886458
2026-07-23T04:26:13.919396+00:00,74,g074_0074_7641,hit_first_temporal_robustness,loto7-hit-first-2026.07.22-v1,12.374633,9.7181,7.67858,10.205535,37.330122,1.694362,4.154,0,0,9.964392,5.6727,13.136,-439100,0.079819,17.886458
2026-07-23T04:26:31.014578+00:00,75,g075_0075_1884,hit_first_temporal_robustness,loto7-hit-first-2026.07.22-v1,16.850688,12.091985,10.41668,12.12535,60.979223,2.068249,5.638,1,0,12.863501,3.872404,14.342,-433000,0.154483,17.886458
2026-07-23T04:26:40.696361+00:00,76,g076_0076_2879,hit_first_temporal_robustness,loto7-hit-first-2026.07.22-v1,16.437063,12.106845,10.05954,11.978988,57.2003,2.023739,6.231,2,0,11.991098,3.969139,15.984,-424700,0.087871,17.886458
2026-07-23T04:42:27.765225+00:00,77,g077_0773_1171,hit_first_temporal_robustness,loto7-hit-first-2026.07.22-v1,14.830915,10.697315,8.809525,11.153363,52.996289,1.913947,3.561,1,0,12.267062,4.658457,12.502,-442300,0.147152,17.886458
2026-07-23T04:45:07.734794+00:00,78,g078_0784_3039,hit_first_temporal_robustness,loto7-hit-first-2026.07.22-v1,17.431744,12.047485,10.714275,12.015062,66.995548,2.071217,5.638,0,0,14.418398,3.795846,12.76,-441000,0.062016,17.886458
2026-07-23T04:45:24.685578+00:00,79,g079_0794_2912,hit_first_temporal_robustness,loto7-hit-first-2026.07.22-v1,14.154554,10.41545,9.70239,9.911067,48.982195,1.881306,2.967,2,0,11.47181,4.822552,11.612,-446800,0.158433,17.886458
2026-07-23T04:45:41.542026+00:00,80,g080_0080_3682,hit_first_temporal_robustness,loto7-hit-first-2026.07.22-v1,14.576427,10.96439,8.869055,11.428573,48.20401,1.896142,4.748,1,0,11.37092,4.879228,13.867,-435400,0.148359,17.886458
2026-07-23T04:45:51.232962+00:00,81,g081_0081_5133,hit_first_temporal_robustness,loto7-hit-first-2026.07.22-v1,16.233554,11.76557,10.35716,11.889352,57.423595,2.008902,5.341,2,0,11.997033,3.942136,14.243,-433500,0.118056,17.886458
2026-07-23T05:01:50.445655+00:00,82,g082_0082_5237,hit_first_temporal_robustness,loto7-hit-first-2026.07.22-v1,14.705394,10.90505,9.404775,11.242303,49.704004,1.908012,4.154,2,0,11.700297,4.832938,15.054,-429400,0.143233,17.886458
2026-07-23T05:08:42.230261+00:00,83,g083_0083_7844,hit_first_temporal_robustness,loto7-hit-first-2026.07.22-v1,14.880136,11.038575,9.047625,11.309522,50.721813,1.910979,4.748,1,0,11.893175,4.78724,14.144,-434000,0.173427,17.886458
2026-07-23T05:09:12.991341+00:00,84,g084_0842_1135,hit_first_temporal_robustness,loto7-hit-first-2026.07.22-v1,15.002671,11.2463,9.107155,11.802523,49.853859,1.88724,5.638,2,0,11.652819,4.790801,14.718,-431100,0.126344,17.886458
2026-07-23T05:32:34.630671+00:00,85,g085_0085_8300,hit_first_temporal_robustness,loto7-hit-first-2026.07.22-v1,17.585529,12.121655,10.297635,12.083345,68.265581,2.068249,5.935,0,0,14.715134,3.764985,12.601,-441800,0.047096,17.886458
2026-07-23T05:34:10.447375+00:00,86,g086_0086_6054,hit_first_temporal_robustness,loto7-hit-first-2026.07.22-v1,14.795831,10.94955,8.57143,11.568635,50.571955,1.89911,4.451,2,0,11.84273,4.78368,14.758,-430900,0.146113,17.886458
2026-07-23T05:38:35.725441+00:00,87,g087_0087_9948,hit_first_temporal_robustness,loto7-hit-first-2026.07.22-v1,15.19253,11.290805,8.690475,11.83263,51.738132,1.931751,5.045,2,0,12.020772,4.711276,15.628,-426500,0.137975,17.886458
2026-07-23T05:38:45.310996+00:00,88,g088_0088_4317,hit_first_temporal_robustness,loto7-hit-first-2026.07.22-v1,14.776009,11.26111,9.34525,11.42053,47.751481,1.896142,5.341,3,0,11.231454,4.874481,16.716,-421000,0.131361,17.886458
2026-07-23T05:39:16.244630+00:00,89,g089_0089_1536,hit_first_temporal_robustness,loto7-hit-first-2026.07.22-v1,16.799282,11.83975,9.642865,12.133762,62.839759,2.047478,5.341,0,0,13.486647,3.915134,12.997,-439800,0.050228,17.886458
2026-07-23T06:02:54.157541+00:00,90,g090_0904_2842,hit_first_temporal_robustness,loto7-hit-first-2026.07.22-v1,14.857797,10.964395,9.16668,11.35925,50.862758,1.919881,4.154,2,0,11.89911,4.771217,13.65,-436500,0.17971,17.886458
2026-07-23T06:03:11.220923+00:00,91,g091_0911_8341,hit_first_temporal_robustness,loto7-hit-first-2026.07.22-v1,16.897234,12.121655,10.65478,12.245095,60.902816,2.080119,5.341,2,0,12.875371,3.888131,13.492,-437300,0.124633,17.886458
2026-07-23T06:07:31.786279+00:00,92,g092_0092_1117,hit_first_temporal_robustness,loto7-hit-first-2026.07.22-v1,15.000347,11.03859,9.047625,11.577388,51.602373,1.89911,4.748,2,0,12.047478,4.74184,15.707,-426100,0.156171,17.886458
2026-07-23T06:07:48.843211+00:00,93,g093_0093_3131,hit_first_temporal_robustness,loto7-hit-first-2026.07.22-v1,16.977784,12.359055,10.05953,12.124313,60.667651,2.086053,6.231,1,0,12.863501,3.913947,14.065,-434400,0.099859,17.886458
2026-07-23T06:08:20.085593+00:00,94,g094_0944_1883,hit_first_temporal_robustness,loto7-hit-first-2026.07.22-v1,16.856364,11.98811,10.178585,12.154058,61.919137,2.065282,5.341,1,0,13.278932,3.94095,13.947,-435000,0.085106,17.886458
2026-07-23T06:11:00.324740+00:00,95,g095_0095_2093,hit_first_temporal_robustness,loto7-hit-first-2026.07.22-v1,14.935468,11.008915,8.690485,11.279775,51.804158,1.893175,4.748,2,0,12.050445,4.71632,13.828,-435600,0.11731,17.886458
2026-07-23T06:15:22.236413+00:00,96,g096_0096_5106,hit_first_temporal_robustness,loto7-hit-first-2026.07.22-v1,17.199092,11.98812,9.821435,12.380955,65.359787,2.083086,5.045,1,0,14.151335,3.889318,12.72,-441200,0.076205,17.886458
2026-07-23T09:37:56.673349+00:00,97,g097_0974_7274,hit_first_temporal_robustness,loto7-hit-first-2026.07.22-v1,17.392326,11.913945,10.41668,11.741602,68.102376,2.080119,5.045,0,0,14.673591,3.767359,11.434,-447700,0.051903,17.886458
2026-07-23T09:39:34.525797+00:00,98,g098_0098_4266,hit_first_temporal_robustness,loto7-hit-first-2026.07.22-v1,17.196704,11.913955,10.476205,11.858898,65.957718,2.097923,4.748,0,0,14.154303,3.810979,10.841,-450700,0.058394,17.886458
2026-07-23T09:40:31.236919+00:00,99,g099_0992_4705,hit_first_temporal_robustness,loto7-hit-first-2026.07.22-v1,16.988269,11.8546,9.821435,12.172618,64.436203,2.074184,4.748,1,0,13.813056,3.854599,11.434,-447700,0.103806,17.886458
2026-07-23T09:40:40.934735+00:00,100,g100_0100_5988,hit_first_temporal_robustness,loto7-hit-first-2026.07.22-v1,16.730531,12.29971,11.0119,12.48285,57.418395,2.04451,6.528,2,0,12.0,3.944214,15.391,-427700,0.125964,17.886458
2026-07-23T09:45:04.387827+00:00,101,g101_1012_5324,hit_first_temporal_robustness,loto7-hit-first-2026.07.22-v1,17.500858,12.12166,10.05953,12.393908,67.236645,2.074184,5.638,1,0,14.477745,3.791395,12.562,-442000,0.154331,17.886458
2026-07-23T09:45:21.703325+00:00,102,g102_0102_9872,hit_first_temporal_robustness,loto7-hit-first-2026.07.22-v1,16.680965,11.958435,9.70239,12.20238,60.695842,2.059347,5.341,1,0,12.893175,3.924036,12.423,-442700,0.113057,17.886458
2026-07-23T09:45:38.783505+00:00,103,g103_0103_7194,hit_first_temporal_robustness,loto7-hit-first-2026.07.22-v1,17.085276,12.359055,10.9524,12.380942,60.720326,2.086053,6.231,1,0,12.875371,3.912463,13.867,-435400,0.121255,17.886458
2026-07-23T09:45:55.718437+00:00,104,g104_0104_3958,hit_first_temporal_robustness,loto7-hit-first-2026.07.22-v1,14.336548,10.53412,9.166675,10.352597,49.87018,1.89911,3.264,1,0,11.525223,4.72908,12.166,-444000,0.133333,17.886458
2026-07-23T09:56:32.587352+00:00,105,g105_0105_9330,hit_first_temporal_robustness,loto7-hit-first-2026.07.22-v1,14.963719,11.068245,9.404775,11.42857,50.921367,1.922849,4.451,2,0,11.905045,4.766172,13.689,-436300,0.179191,17.886458
2026-07-23T10:00:54.880635+00:00,106,g106_0106_7115,hit_first_temporal_robustness,loto7-hit-first-2026.07.22-v1,17.298148,11.839755,9.940485,12.351192,67.329378,2.077151,4.451,2,0,14.525223,3.801187,13.056,-439500,0.107576,17.886458
2026-07-23T10:03:37.648389+00:00,107,g107_0107_4329,hit_first_temporal_robustness,loto7-hit-first-2026.07.22-v1,17.0848,11.98812,9.940485,12.275208,64.24852,2.083086,5.045,1,0,13.913947,3.926706,12.582,-441900,0.154088,17.886458
2026-07-23T10:06:19.547452+00:00,108,g108_0108_8114,hit_first_temporal_robustness,loto7-hit-first-2026.07.22-v1,17.376755,12.21066,10.595255,12.602585,64.693622,2.074184,5.341,4,0,14.065282,3.937982,15.371,-427800,0.140283,17.886458
2026-07-23T10:10:43.063554+00:00,109,g109_0109_9315,hit_first_temporal_robustness,loto7-hit-first-2026.07.22-v1,17.645386,12.314525,11.011895,12.24266,66.751479,2.094955,5.935,1,0,14.433234,3.835312,13.551,-437000,0.10365,17.886458
2026-07-23T10:44:11.921722+00:00,110,g110_0110_3092,hit_first_temporal_robustness,loto7-hit-first-2026.07.22-v1,17.529508,12.01781,9.642865,12.570377,68.371661,2.065282,5.638,0,0,14.762611,3.772997,10.841,-450700,0.067518,17.886458
2026-07-23T10:45:08.008893+00:00,111,g111_0111_9318,hit_first_temporal_robustness,loto7-hit-first-2026.07.22-v1,14.862636,10.919895,8.63095,11.506297,51.474776,1.928783,3.858,2,0,11.916914,4.697923,14.876,-430300,0.144947,17.886458
2026-07-23T10:52:00.902506+00:00,112,g112_1122_3769,hit_first_temporal_robustness,loto7-hit-first-2026.07.22-v1,14.802373,10.86054,9.2262,11.273115,51.09125,1.89911,4.154,2,0,11.95549,4.767062,13.492,-437300,0.159824,17.886458
2026-07-23T12:22:22.534000+00:00,113,g113_0113_6025,hit_first_temporal_robustness,loto7-hit-first-2026.07.22-v1,17.67993,12.34421,10.2381,12.85715,66.770772,2.118694,5.638,1,0,14.480712,3.854896,13.017,-439700,0.165653,17.886458
2026-07-23T15:30:58.514117+00:00,114,g114_1141_3835,hit_first_temporal_robustness,loto7-hit-first-2026.07.22-v1,15.004325,10.94955,8.80953,11.506647,52.540802,1.89911,4.451,2,0,12.210682,4.692878,11.256,-448600,0.191564,17.886458
2026-07-23T15:34:25.852288+00:00,115,g115_0115_2426,hit_first_temporal_robustness,loto7-hit-first-2026.07.22-v1,17.516693,12.062305,10.595255,12.42717,67.341986,2.068249,5.341,2,0,14.510386,3.792582,14.56,-431900,0.148098,17.886458
2026-07-23T15:34:50.094472+00:00,116,g116_1162_6595,hit_first_temporal_robustness,loto7-hit-first-2026.07.22-v1,14.937702,11.157275,9.404775,11.237057,50.267806,1.910979,4.748,3,0,11.652819,4.735608,15.292,-428200,0.134541,17.886458
2026-07-23T15:40:18.315103+00:00,117,g117_1173_8651,hit_first_temporal_robustness,loto7-hit-first-2026.07.22-v1,17.765565,12.522245,10.178585,12.952725,66.313798,2.094955,6.825,0,0,14.350148,3.854896,14.441,-432500,0.047945,17.886458
2026-07-23T16:06:46.280844+00:00,118,g118_0118_3095,hit_first_temporal_robustness,loto7-hit-first-2026.07.22-v1,17.47423,11.98811,9.940485,12.083333,68.373145,2.065282,5.341,1,0,14.792285,3.786647,12.977,-439900,0.105183,17.886458
2026-07-23T16:19:18.775225+00:00,119,g119_0119_1012,hit_first_temporal_robustness,loto7-hit-first-2026.07.22-v1,17.52455,12.047485,9.285715,12.738105,68.198811,2.071217,5.638,0,0,14.724036,3.778042,11.592,-446900,0.068259,17.886458
2026-07-23T16:20:34.738917+00:00,120,g120_1204_3006,hit_first_temporal_robustness,loto7-hit-first-2026.07.22-v1,14.802812,10.875365,9.4643,10.857855,51.299703,1.937685,3.561,2,0,11.931751,4.72819,14.303,-433200,0.143845,17.886458
2026-07-23T16:24:04.112341+00:00,121,g121_1213_2442,hit_first_temporal_robustness,loto7-hit-first-2026.07.22-v1,12.456705,10.000005,7.7381,10.32738,35.98368,1.727003,4.154,2,0,9.777448,5.764985,17.527,-416900,0.141084,17.886458
2026-07-23T16:27:35.846807+00:00,122,g122_1221_6713,hit_first_temporal_robustness,loto7-hit-first-2026.07.22-v1,15.300769,11.43918,9.047625,11.56794,51.8138,1.925816,5.638,2,0,12.05638,4.717804,14.481,-432300,0.148907,17.886458
2026-07-23T16:29:43.984959+00:00,123,g123_0123_3621,hit_first_temporal_robustness,loto7-hit-first-2026.07.22-v1,12.125562,9.52523,8.15477,9.58544,36.552669,1.715134,2.967,1,0,9.816024,5.707122,13.096,-439300,0.173716,17.886458
2026-07-23T16:33:16.464950+00:00,124,g124_0124_1327,hit_first_temporal_robustness,loto7-hit-first-2026.07.22-v1,17.599607,12.19585,10.119055,12.570028,67.445843,2.11276,5.045,2,0,14.513353,3.780119,13.551,-437000,0.116788,17.886458
2026-07-23T17:11:02.471922+00:00,125,g125_1253_1318,hit_first_temporal_robustness,loto7-hit-first-2026.07.22-v1,17.301738,11.78041,10.000015,12.191185,67.925075,2.053412,5.045,0,0,14.670623,3.789614,11.375,-448000,0.052174,17.886458
2026-07-23T17:11:46.906612+00:00,126,g126_1262_1133,hit_first_temporal_robustness,loto7-hit-first-2026.07.22-v1,14.726629,10.786365,9.404775,10.863445,51.20178,1.902077,3.858,2,0,11.833828,4.695549,13.887,-435300,0.176638,17.886458
2026-07-23T17:12:31.124264+00:00,127,g127_1273_8490,hit_first_temporal_robustness,loto7-hit-first-2026.07.22-v1,14.539121,10.75668,8.80953,11.361352,49.413204,1.878338,4.154,2,0,11.652819,4.849555,14.896,-430200,0.108898,17.886458
2026-07-23T17:31:08.170342+00:00,128,g128_0128_6295,hit_first_temporal_robustness,loto7-hit-first-2026.07.22-v1,17.869348,12.49259,10.535725,12.916667,67.316771,2.083086,6.528,2,0,14.575668,3.826409,15.193,-428700,0.122396,17.886458
2026-07-23T17:36:40.858634+00:00,129,g129_1294_3685,hit_first_temporal_robustness,loto7-hit-first-2026.07.22-v1,17.539071,12.16617,9.70239,12.455882,67.518545,2.083086,5.638,1,0,14.534125,3.780119,12.542,-442100,0.111987,17.886458
2026-07-23T17:38:50.438821+00:00,130,g130_0130_4242,hit_first_temporal_robustness,loto7-hit-first-2026.07.22-v1,16.887938,11.42435,10.23811,11.210097,67.266322,2.029674,3.858,2,0,14.439169,3.769436,13.729,-436100,0.157061,17.886458
2026-07-23T18:05:43.153421+00:00,131,g131_0131_5093,hit_first_temporal_robustness,loto7-hit-first-2026.07.22-v1,17.614638,12.28486,10.00001,12.602235,67.029675,2.11276,5.341,2,0,14.513353,3.835608,14.263,-433400,0.135922,17.886458
2026-07-23T21:11:27.357695+00:00,132,g132_1321_9512,hit_first_temporal_robustness,loto7-hit-first-2026.07.22-v1,15.081021,11.053415,9.28572,11.339282,52.400594,1.937685,4.154,2,0,12.166172,4.690801,13.67,-436400,0.118669,17.886458
2026-07-23T21:14:09.264404+00:00,133,g133_1333_1441,hit_first_temporal_robustness,loto7-hit-first-2026.07.22-v1,15.071765,11.498535,8.809535,11.875008,48.930265,1.902077,6.231,2,0,11.5727,4.876558,14.837,-430500,0.142667,17.886458
2026-07-23T21:47:53.905888+00:00,134,g134_0134_4212,hit_first_temporal_robustness,loto7-hit-first-2026.07.22-v1,17.60824,12.03263,9.940485,12.456945,68.953266,2.091988,5.045,1,0,14.875371,3.748071,12.463,-442500,0.106349,17.886458
2026-07-23T21:52:16.072441+00:00,135,g135_0135_7439,hit_first_temporal_robustness,loto7-hit-first-2026.07.22-v1,17.107746,11.854605,10.23811,11.994058,65.511869,2.086053,4.748,0,0,14.183976,3.884273,12.265,-443500,0.053226,17.886458
2026-07-23T22:39:38.228515+00:00,136,g136_0136_7803,hit_first_temporal_robustness,loto7-hit-first-2026.07.22-v1,18.1837,12.833845,11.19047,13.253165,67.143912,2.115727,7.122,2,0,14.581602,3.852226,13.492,-437300,0.13783,18.1837
2026-07-24T00:11:05.512401+00:00,137,g137_0137_6059,hit_first_temporal_robustness,loto7-hit-first-2026.07.22-v1,17.912285,12.522275,10.357155,12.989152,67.594217,2.106825,6.231,2,0,14.64095,3.819881,15.193,-428700,0.110677,18.1837
2026-07-24T04:10:26.790436+00:00,138,g138_1383_4602,hit_first_temporal_robustness,loto7-hit-first-2026.07.22-v1,17.502091,12.299715,10.059535,12.678577,65.660981,2.097923,5.638,2,0,14.290801,3.914243,14.026,-434600,0.150917,18.1837
2026-07-24T04:27:18.001528+00:00,139,g139_0139_5744,hit_first_temporal_robustness,loto7-hit-first-2026.07.22-v1,11.986859,9.332335,8.214295,9.34944,36.751483,1.706231,2.671,0,0,9.884273,5.712463,11.711,-446300,0.092905,18.1837
2026-07-24T04:30:10.926452+00:00,140,g140_0140_3921,hit_first_temporal_robustness,loto7-hit-first-2026.07.22-v1,17.792334,12.373895,10.2381,12.989507,67.528188,2.089021,6.231,1,0,14.442136,3.735905,14.995,-429700,0.143799,18.1837
2026-07-24T04:41:26.289966+00:00,141,g141_1413_3329,hit_first_temporal_robustness,loto7-hit-first-2026.07.22-v1,17.159851,11.543015,10.357155,11.38832,68.845701,2.041543,4.451,0,0,14.824926,3.738872,11.751,-446100,0.070707,18.1837
2026-07-24T04:44:19.464738+00:00,142,g142_0142_9198,hit_first_temporal_robustness,loto7-hit-first-2026.07.22-v1,14.627093,10.93471,9.107155,11.071423,49.156531,1.896142,4.451,2,0,11.602374,4.860237,13.689,-436300,0.154624,18.1837
2026-07-24T04:45:18.679130+00:00,143,g143_0143_1476,hit_first_temporal_robustness,loto7-hit-first-2026.07.22-v1,14.906912,11.068245,9.285725,11.007352,50.954007,1.928783,4.154,3,0,11.836795,4.72997,15.707,-426100,0.156171,18.1837
2026-07-24T05:54:58.801789+00:00,144,g144_1444_4798,hit_first_temporal_robustness,loto7-hit-first-2026.07.22-v1,17.908534,12.492575,10.119055,12.85714,68.113501,2.094955,6.528,1,0,14.718101,3.786647,13.729,-436100,0.102305,18.1837
2026-07-24T07:30:31.823043+00:00,145,g145_1454_7233,hit_first_temporal_robustness,loto7-hit-first-2026.07.22-v1,17.187201,11.6172,9.940485,11.773463,68.471071,2.05638,4.451,0,0,14.783383,3.769436,10.386,-453000,0.066667,18.1837
2026-07-24T09:49:40.891953+00:00,146,g146_1462_7863,hit_first_temporal_robustness,loto7-hit-first-2026.07.22-v1,17.567749,12.344215,9.940485,12.987407,65.73071,2.077151,6.528,0,0,14.163205,3.845401,12.542,-442100,0.063091,18.1837
2026-07-24T09:54:12.919395+00:00,147,g147_0147_8842,hit_first_temporal_robustness,loto7-hit-first-2026.07.22-v1,17.440582,12.062295,9.940485,12.333335,67.21736,2.080119,5.341,1,0,14.519288,3.813353,12.997,-439800,0.092846,18.1837
2026-07-24T09:57:04.956299+00:00,148,g148_0148_9088,hit_first_temporal_robustness,loto7-hit-first-2026.07.22-v1,17.61516,12.151325,10.59523,12.302523,67.853116,2.062315,5.935,1,0,14.566766,3.750742,12.502,-442300,0.155063,18.1837
2026-07-24T10:04:06.544007+00:00,149,g149_0149_8930,hit_first_temporal_robustness,loto7-hit-first-2026.07.22-v1,17.358248,12.047475,10.05953,12.500003,66.202523,2.106825,5.045,0,0,14.35905,3.873887,12.166,-444000,0.065041,18.1837
2026-07-24T10:05:09.848328+00:00,150,g150_1504_5336,hit_first_temporal_robustness,loto7-hit-first-2026.07.22-v1,15.345357,11.572695,9.4643,11.696438,50.837537,1.922849,5.935,3,0,11.893175,4.77181,17.191,-418600,0.103567,18.1837
2026-07-24T11:04:56.986592+00:00,151,g151_1511_3606,hit_first_temporal_robustness,loto7-hit-first-2026.07.22-v1,14.548502,10.548955,9.10715,10.773813,51.428038,1.902077,3.264,1,0,12.041543,4.762315,12.206,-443800,0.157212,18.1837
2026-07-24T11:05:03.284387+00:00,152,g152_1524_1322,hit_first_temporal_robustness,loto7-hit-first-2026.07.22-v1,16.548938,12.12166,10.892855,12.261895,57.209197,2.04451,5.935,2,0,12.0,3.972107,15.232,-428500,0.122078,18.1837
2026-07-24T11:09:36.577800+00:00,153,g153_0153_5935,hit_first_temporal_robustness,loto7-hit-first-2026.07.22-v1,17.482093,12.01779,9.940485,12.575995,67.652816,2.083086,5.341,0,0,14.611276,3.79822,12.76,-441000,0.048062,18.1837
2026-07-24T11:12:29.329105+00:00,154,g154_0154_8251,hit_first_temporal_robustness,loto7-hit-first-2026.07.22-v1,17.171796,11.765565,10.41668,11.994058,66.632788,2.086053,4.451,0,0,14.400593,3.835905,11.474,-447500,0.068966,18.1837
2026-07-24T11:43:38.425944+00:00,155,g155_1551_9429,hit_first_temporal_robustness,loto7-hit-first-2026.07.22-v1,14.999592,11.231465,9.2262,11.568285,50.112759,1.937685,4.748,2,0,11.818991,4.833828,16.459,-422300,0.111779,18.1837
2026-07-24T11:54:01.923355+00:00,156,g156_0156_4609,hit_first_temporal_robustness,loto7-hit-first-2026.07.22-v1,17.977534,12.77448,10.178585,13.24405,66.318253,2.121662,6.825,2,0,14.403561,3.879228,15.074,-429300,0.12336,18.1837
2026-07-24T12:04:27.197358+00:00,157,g157_0157_4565,hit_first_temporal_robustness,loto7-hit-first-2026.07.22-v1,14.758284,10.697325,8.9881,11.065127,52.232934,1.902077,3.561,2,0,12.124629,4.693769,12.601,-441800,0.171115,18.1837
2026-07-24T12:05:31.628266+00:00,158,g158_0158_6959,hit_first_temporal_robustness,loto7-hit-first-2026.07.22-v1,17.738883,12.492575,10.59525,12.986705,65.88056,2.106825,5.935,3,0,14.160237,3.824036,18.378,-412600,0.11733,18.1837
2026-07-24T12:08:23.812753+00:00,159,g159_0159_3832,hit_first_temporal_robustness,loto7-hit-first-2026.07.22-v1,14.908677,11.201785,9.28573,11.74406,49.15282,1.913947,5.045,2,0,11.626113,4.87181,14.481,-432300,0.127049,18.1837
2026-07-24T15:29:59.016356+00:00,1,g001_0011_4547,hit_first_temporal_robustness,loto7-hit-first-2026.07.22-v1,17.225905,11.878695,10.89285,12.099085,65.875002,2.044379,5.325,1,0,14.292899,3.886686,12.643,-442900,0.152886,17.225905
2026-07-24T15:53:12.786400+00:00,2,g002_0002_5051,hit_first_temporal_robustness,loto7-hit-first-2026.07.22-v1,17.283911,12.263335,10.05953,12.823528,63.559911,2.085799,5.917,1,0,13.852071,3.989645,16.114,-425300,0.133415,17.283911
2026-07-24T16:00:04.982172+00:00,3,g003_0033_1551,hit_first_temporal_robustness,loto7-hit-first-2026.07.22-v1,12.984392,10.32543,8.15477,10.591043,38.332845,1.757396,4.734,2,0,10.115385,5.609467,17.988,-415800,0.101974,17.283911
2026-07-24T16:10:35.929443+00:00,4,g004_0004_9480,hit_first_temporal_robustness,loto7-hit-first-2026.07.22-v1,12.54583,9.86687,8.333345,10.11416,37.586539,1.713018,4.142,1,0,10.002959,5.656509,14.32,-434400,0.152893,17.283911
2026-07-24T16:14:55.490302+00:00,5,g005_0053_8804,hit_first_temporal_robustness,loto7-hit-first-2026.07.22-v1,12.241726,9.36392,7.797625,9.648103,39.053993,1.683432,2.959,1,0,10.248521,5.575444,10.907,-451700,0.207957,17.283911
2026-07-24T16:16:30.368691+00:00,6,g006_0006_9936,hit_first_temporal_robustness,loto7-hit-first-2026.07.22-v1,17.843742,12.69231,10.178585,13.401267,65.366861,2.130178,6.213,3,0,14.106509,3.867456,17.751,-417000,0.094444,17.843742
2026-07-24T16:39:37.702572+00:00,7,g007_0007_3228,hit_first_temporal_robustness,loto7-hit-first-2026.07.22-v1,14.884432,10.754435,9.4643,10.941175,52.862427,1.914201,3.55,2,0,12.245562,4.666272,12.781,-442200,0.191358,17.843742
2026-07-24T16:46:28.762889+00:00,8,g008_0008_1936,hit_first_temporal_robustness,loto7-hit-first-2026.07.22-v1,17.844411,12.426045,10.119055,12.484953,68.384612,2.094675,6.509,0,0,14.683432,3.73432,12.13,-445500,0.065041,17.844411
2026-07-24T16:57:01.707413+00:00,9,g009_0009_3731,hit_first_temporal_robustness,loto7-hit-first-2026.07.22-v1,12.218253,9.33432,7.559525,9.734587,39.113165,1.695266,2.663,1,0,10.260355,5.573077,10.907,-451700,0.207957,17.844411
2026-07-24T16:59:42.397381+00:00,10,g010_0010_8438,hit_first_temporal_robustness,loto7-hit-first-2026.07.22-v1,17.68596,12.50002,10.2381,12.867642,65.727813,2.133136,5.917,1,0,14.233728,3.878698,14.734,-432300,0.111111,17.844411
2026-07-24T17:15:32.341344+00:00,11,g011_0113_6910,hit_first_temporal_robustness,loto7-hit-first-2026.07.22-v1,17.386739,12.100585,10.53573,12.393567,65.862428,2.088757,5.325,1,0,14.289941,3.886982,14.398,-434000,0.153425,17.844411
2026-07-24T17:48:37.131846+00:00,12,g012_0012_3140,hit_first_temporal_robustness,loto7-hit-first-2026.07.22-v1,17.616469,12.24852,10.297625,12.542375,67.136096,2.12426,5.03,2,0,14.556213,3.84142,14.379,-434100,0.14952,17.844411
2026-07-24T20:35:31.813113+00:00,13,g013_0013_9898,hit_first_temporal_robustness,loto7-hit-first-2026.07.22-v1,17.579698,12.73668,10.59525,12.838237,62.758139,2.121302,6.213,4,1,13.464497,3.91568,91.736,-41900,0.812728,17.844411
2026-07-24T20:36:28.452155+00:00,14,g014_0014_1179,hit_first_temporal_robustness,loto7-hit-first-2026.07.22-v1,14.860074,10.931945,9.345245,11.03887,51.354287,1.914201,4.142,2,0,11.905325,4.70858,13.748,-437300,0.156385,17.844411
2026-07-24T21:23:32.330892+00:00,15,g015_0015_7303,hit_first_temporal_robustness,loto7-hit-first-2026.07.22-v1,15.101626,11.035495,9.702395,11.241953,52.515534,1.934911,4.142,2,0,12.195266,4.689053,12.623,-443000,0.19375,17.844411
2026-07-24T21:25:07.854804+00:00,16,g016_0016_2135,hit_first_temporal_robustness,loto7-hit-first-2026.07.22-v1,12.596272,9.8373,8.45239,9.85224,38.517015,1.724852,3.846,1,0,10.142012,5.597337,13.176,-440200,0.172156,17.844411
2026-07-24T21:25:24.883532+00:00,17,g017_0017_5182,hit_first_temporal_robustness,loto7-hit-first-2026.07.22-v1,16.886955,12.174575,10.357155,12.364495,60.524409,2.068047,5.917,1,0,12.849112,3.926331,13.787,-437100,0.155937,17.844411
2026-07-24T21:41:28.676232+00:00,18,g018_0184_6016,hit_first_temporal_robustness,loto7-hit-first-2026.07.22-v1,15.125468,11.12426,9.58335,11.298687,52.15976,1.928994,4.734,1,0,12.118343,4.700592,12.959,-441300,0.141553,17.844411
2026-07-24T21:48:20.948624+00:00,19,g019_0193_9551,hit_first_temporal_robustness,loto7-hit-first-2026.07.22-v1,17.868279,12.36687,10.297635,12.811975,68.502218,2.12426,5.621,1,0,14.736686,3.743491,13.452,-438800,0.129032,17.868279
2026-07-24T22:04:09.461088+00:00,20,g020_0020_3126,hit_first_temporal_robustness,loto7-hit-first-2026.07.22-v1,17.542531,11.92308,10.17858,12.249655,69.121302,2.08284,5.03,0,0,14.89645,3.735503,12.327,-444500,0.0608,17.868279
2026-07-24T22:37:46.518195+00:00,21,g021_0211_7721,hit_first_temporal_robustness,loto7-hit-first-2026.07.22-v1,17.473959,12.15976,10.595255,12.130255,66.588755,2.112426,4.734,3,0,14.43787,3.859172,13.787,-437100,0.121602,17.868279
2026-07-24T22:53:33.906915+00:00,22,g022_0022_6793,hit_first_temporal_robustness,loto7-hit-first-2026.07.22-v1,17.145214,11.76036,10.89285,11.893213,66.143488,2.050296,5.03,0,0,14.337278,3.871598,11.262,-449900,0.054291,17.868279
2026-07-24T22:54:28.570303+00:00,23,g023_0023_1580,hit_first_temporal_robustness,loto7-hit-first-2026.07.22-v1,14.73842,11.02073,9.28572,11.390415,49.142013,1.926036,4.438,1,0,11.630178,4.875148,14.477,-433600,0.107629,17.868279
2026-07-24T22:55:24.578875+00:00,24,g024_0024_7627,hit_first_temporal_robustness,loto7-hit-first-2026.07.22-v1,17.55683,12.470405,10.41668,12.781525,64.604292,2.109467,5.621,4,0,13.908284,3.876627,18.343,-414000,0.117204,17.868279
2026-07-25T04:04:28.918683+00:00,25,g025_0253_6644,hit_first_temporal_robustness,loto7-hit-first-2026.07.22-v1,17.50553,12.248515,10.41666,12.274508,66.252961,2.076923,6.213,0,0,14.352071,3.863905,12.801,-442100,0.064715,17.868279
2026-07-25T04:04:59.988956+00:00,26,g026_0026_3759,hit_first_temporal_robustness,loto7-hit-first-2026.07.22-v1,11.978453,9.349105,8.45239,9.113447,36.642748,1.710059,2.663,0,0,9.810651,5.692604,10.868,-451900,0.099819,17.868279
2026-07-25T04:05:55.883923+00:00,27,g027_0027_4964,hit_first_temporal_robustness,loto7-hit-first-2026.07.22-v1,17.583605,12.692305,10.17858,13.164578,63.049558,2.118343,6.805,1,0,13.692308,3.983136,14.517,-433400,0.096467,17.868279
2026-07-25T04:06:51.373252+00:00,28,g028_0281_9659,hit_first_temporal_robustness,loto7-hit-first-2026.07.22-v1,14.921701,11.331355,9.404775,11.80427,48.208576,1.905325,5.621,2,0,11.449704,4.915385,15.385,-429000,0.137179,17.868279
2026-07-25T04:17:23.750039+00:00,29,g029_0029_1842,hit_first_temporal_robustness,loto7-hit-first-2026.07.22-v1,14.969936,11.10948,9.34525,11.294127,50.903847,1.908284,5.03,1,0,11.923077,4.776923,13.925,-436400,0.154391,17.868279
2026-07-25T04:21:44.628429+00:00,30,g030_0302_6523,hit_first_temporal_robustness,loto7-hit-first-2026.07.22-v1,17.285118,11.982235,10.178585,12.24406,66.139794,2.076923,5.325,0,0,14.325444,3.866568,11.755,-447400,0.063758,17.868279
2026-07-25T04:28:40.320099+00:00,31,g031_0031_5979,hit_first_temporal_robustness,loto7-hit-first-2026.07.22-v1,12.839372,10.25147,8.39287,10.438033,37.393495,1.742604,4.734,2,0,9.95858,5.661538,16.607,-422800,0.13658,17.868279
2026-07-25T04:44:32.598696+00:00,32,g032_0032_5688,hit_first_temporal_robustness,loto7-hit-first-2026.07.22-v1,17.408104,11.656815,10.297625,11.713237,70.189352,2.065089,4.438,0,0,15.079882,3.678698,11.46,-448900,0.060241,17.868279
2026-07-25T04:51:25.920786+00:00,33,g033_0333_7401,hit_first_temporal_robustness,loto7-hit-first-2026.07.22-v1,17.474875,12.33727,10.119055,12.809185,64.921595,2.112426,5.325,3,0,14.139053,3.942012,17.811,-416700,0.120709,17.868279
2026-07-25T04:58:20.853146+00:00,34,g034_0342_7552,hit_first_temporal_robustness,loto7-hit-first-2026.07.22-v1,17.601693,12.02663,10.7143,12.277658,68.525887,2.10355,5.03,0,0,14.766272,3.754142,11.795,-447200,0.06689,17.868279
2026-07-25T05:14:11.756518+00:00,35,g035_0035_1364,hit_first_temporal_robustness,loto7-hit-first-2026.07.22-v1,15.345473,11.375725,9.404775,11.891468,52.03107,1.931953,5.325,2,0,12.100592,4.709467,14.379,-434100,0.170096,17.868279
2026-07-25T05:24:47.539547+00:00,36,g036_0036_4308,hit_first_temporal_robustness,loto7-hit-first-2026.07.22-v1,17.179343,11.92309,10.53573,11.919475,65.59985,2.071006,5.03,1,0,14.213018,3.886095,12.347,-444400,0.095847,17.868279
2026-07-25T05:24:57.338284+00:00,37,g037_0371_3252,hit_first_temporal_robustness,loto7-hit-first-2026.07.22-v1,16.778379,12.51479,10.05953,12.421915,57.226335,2.059172,6.805,3,0,12.0,3.969822,17.357,-419000,0.080682,17.868279
2026-07-25T05:25:06.992945+00:00,38,g038_0038_9773,hit_first_temporal_robustness,loto7-hit-first-2026.07.22-v1,16.310746,11.8935,10.297635,11.86099,57.38166,2.029586,5.621,1,0,12.0,3.949112,14.221,-434900,0.067961,17.868279
2026-07-25T05:27:48.575252+00:00,39,g039_0039_5255,hit_first_temporal_robustness,loto7-hit-first-2026.07.22-v1,12.602086,10.000015,8.03572,10.203785,37.347637,1.721893,4.438,1,0,9.982249,5.678698,15.325,-429300,0.133848,17.868279
2026-07-25T05:34:41.964772+00:00,40,g040_0040_8941,hit_first_temporal_robustness,loto7-hit-first-2026.07.22-v1,17.621647,12.44083,10.95237,12.248252,65.670858,2.10355,6.213,1,0,14.257396,3.897337,11.657,-447900,0.101523,17.868279
2026-07-25T05:50:34.827009+00:00,41,g041_0041_8847,hit_first_temporal_robustness,loto7-hit-first-2026.07.22-v1,14.741473,10.828415,8.869055,11.151273,51.139053,1.911243,3.846,2,0,11.940828,4.753846,13.531,-438400,0.151603,17.868279
2026-07-25T05:54:54.959397+00:00,42,g042_0042_4197,hit_first_temporal_robustness,loto7-hit-first-2026.07.22-v1,14.733017,10.828415,9.523825,10.95063,50.771451,1.911243,3.846,2,0,11.893491,4.780769,13.629,-437900,0.17945,17.868279
2026-07-25T06:01:49.113037+00:00,43,g043_0432_1944,hit_first_temporal_robustness,loto7-hit-first-2026.07.22-v1,12.261975,9.40828,7.797625,9.70169,38.881661,1.674556,3.254,1,0,10.227811,5.588757,14.339,-434300,0.158184,17.868279
2026-07-25T06:06:11.051928+00:00,44,g044_0044_6464,hit_first_temporal_robustness,loto7-hit-first-2026.07.22-v1,12.748305,10.177525,8.15477,10.497898,37.11908,1.721893,5.03,1,0,9.93787,5.688462,18.284,-414300,0.188781,17.868279
2026-07-25T07:11:59.508228+00:00,45,g045_0045_7557,hit_first_temporal_robustness,loto7-hit-first-2026.07.22-v1,14.800052,10.843205,9.166675,11.033615,51.52441,1.902367,4.438,0,0,12.04142,4.749408,11.755,-447400,0.073826,17.868279
2026-07-25T09:55:32.798747+00:00,46,g046_0461_3963,hit_first_temporal_robustness,loto7-hit-first-2026.07.22-v1,17.323046,11.775135,10.89287,11.53536,68.247784,2.035503,5.325,0,0,14.724852,3.771893,11.144,-450500,0.054867,17.868279
2026-07-25T11:31:44.104731+00:00,47,g047_0472_8558,hit_first_temporal_robustness,loto7-hit-first-2026.07.22-v1,12.405954,9.659775,7.85715,9.825622,38.364648,1.707101,3.55,1,0,10.130178,5.61213,13.294,-439600,0.170623,17.868279
2026-07-25T11:31:54.549946+00:00,48,g048_0484_9068,hit_first_temporal_robustness,loto7-hit-first-2026.07.22-v1,16.618934,12.20416,10.773805,12.486363,57.157545,2.050296,5.917,3,0,12.0,3.978994,15.858,-426600,0.116915,17.868279
2026-07-25T12:07:44.146484+00:00,49,g049_0049_6536,hit_first_temporal_robustness,loto7-hit-first-2026.07.22-v1,14.70753,10.813615,8.9881,11.271715,50.663461,1.902367,4.142,1,0,11.908284,4.802071,10.73,-452600,0.170956,17.868279
2026-07-25T15:12:43.738976+00:00,50,g050_0050_2200,hit_first_temporal_robustness,loto7-hit-first-2026.07.22-v1,17.269475,11.568045,10.4762,11.655115,69.351333,2.065089,4.142,0,0,14.926036,3.718639,10.059,-456000,0.078431,17.868279
2026-07-25T16:03:54.185663+00:00,51,g051_0513_3962,hit_first_temporal_robustness,loto7-hit-first-2026.07.22-v1,12.715514,10.044395,8.273815,10.232147,37.946744,1.730769,4.438,1,0,10.071006,5.640237,15.266,-429600,0.148579,17.868279
2026-07-25T16:30:00.022687+00:00,52,g052_0052_9013,hit_first_temporal_robustness,loto7-hit-first-2026.07.22-v1,14.773476,10.88758,8.92858,11.441185,50.649413,1.91716,4.142,1,0,11.911243,4.805325,11.657,-447900,0.175973,17.868279
2026-07-25T16:32:04.398056+00:00,53,g053_0531_4176,hit_first_temporal_robustness,loto7-hit-first-2026.07.22-v1,16.910507,11.49409,10.647055,11.160708,66.735944,2.032544,4.438,0,0,14.346154,3.796746,11.499,-448700,0.068611,17.868279
2026-07-25T16:33:18.760341+00:00,54,g054_0054_5486,hit_first_temporal_robustness,loto7-hit-first-2026.07.22-v1,14.287232,10.428995,9.34525,10.239485,50.105773,1.884615,2.959,2,0,11.760355,4.807396,12.88,-441700,0.14242,17.868279
2026-07-25T16:38:38.931547+00:00,55,g055_0055_4447,hit_first_temporal_robustness,loto7-hit-first-2026.07.22-v1,11.911832,9.304735,8.214295,9.14286,36.442307,1.689349,2.663,1,0,9.849112,5.737278,13.767,-437200,0.164756,17.868279
2026-07-25T17:29:42.638829+00:00,56,g056_0563_4800,hit_first_temporal_robustness,loto7-hit-first-2026.07.22-v1,17.289595,12.18937,9.523815,12.794115,64.598371,2.071006,5.917,1,0,14.029586,3.934024,14.615,-432900,0.080972,17.868279
2026-07-25T20:14:19.968649+00:00,57,g057_0057_6050,hit_first_temporal_robustness,loto7-hit-first-2026.07.22-v1,17.157107,11.65681,10.7738,11.654402,67.369082,2.029586,5.03,0,0,14.547337,3.806213,10.848,-452000,0.056364,17.868279
2026-07-25T20:14:30.621403+00:00,58,g058_0582_8455,hit_first_temporal_robustness,loto7-hit-first-2026.07.22-v1,14.278582,10.710065,9.10715,11.034315,47.288462,1.881657,4.142,1,0,11.224852,4.933136,15.089,-430500,0.103268,17.868279
2026-07-25T20:15:04.896935+00:00,59,g059_0059_3377,hit_first_temporal_robustness,loto7-hit-first-2026.07.22-v1,14.3712,10.621285,9.10715,11.005603,48.870559,1.905325,3.254,2,0,11.491124,4.84645,14.517,-433400,0.148098,17.868279
2026-07-25T20:22:32.654673+00:00,60,g060_0060_5671,hit_first_temporal_robustness,loto7-hit-first-2026.07.22-v1,17.243078,11.893505,10.23811,11.976548,66.613904,2.065089,5.03,1,0,14.408284,3.842012,12.939,-441400,0.108232,17.868279
2026-07-25T20:39:39.181157+00:00,61,g061_0613_7390,hit_first_temporal_robustness,loto7-hit-first-2026.07.22-v1,12.178715,9.61538,8.214295,9.823525,36.119822,1.715976,3.254,1,0,9.798817,5.756805,15.325,-429300,0.148005,17.868279
2026-07-25T21:04:45.723925+00:00,62,g062_0624_2944,hit_first_temporal_robustness,loto7-hit-first-2026.07.22-v1,14.813076,10.76923,8.63095,11.18069,52.424559,1.91716,3.55,2,0,12.168639,4.688757,13.254,-439800,0.162202,17.868279
2026-07-25T21:29:54.877474+00:00,63,g063_0631_7851,hit_first_temporal_robustness,loto7-hit-first-2026.07.22-v1,14.728077,11.06509,9.047625,11.32808,48.993347,1.887574,5.03,2,0,11.594675,4.878402,13.669,-437700,0.099567,17.868279
2026-07-25T21:32:50.945223+00:00,64,g064_0643_6904,hit_first_temporal_robustness,loto7-hit-first-2026.07.22-v1,11.913149,9.1864,7.79762,9.381642,37.330619,1.695266,2.367,0,0,9.943787,5.663018,10.059,-456000,0.107843,17.868279
2026-07-25T21:44:18.011807+00:00,65,g065_0065_6944,hit_first_temporal_robustness,loto7-hit-first-2026.07.22-v1,17.231127,11.71598,10.05954,11.625005,68.301774,2.04142,5.03,0,0,14.748521,3.77574,10.414,-454200,0.058712,17.868279
2026-07-25T22:35:13.146185+00:00,66,g066_0066_4276,hit_first_temporal_robustness,loto7-hit-first-2026.07.22-v1,17.453694,12.45563,10.89285,12.33368,63.832835,2.100592,6.509,0,0,13.905325,3.978107,12.821,-442000,0.061538,17.868279
2026-07-26T04:13:25.926414+00:00,67,g067_0067_6948,hit_first_temporal_robustness,loto7-hit-first-2026.07.22-v1,17.184441,11.95267,9.88096,12.36275,65.435653,2.100592,4.438,2,0,14.213018,3.907988,12.801,-442100,0.109399,17.868279
2026-07-26T04:24:45.802417+00:00,68,g068_0068_9842,hit_first_temporal_robustness,loto7-hit-first-2026.07.22-v1,15.187486,11.420115,8.92858,11.834747,50.589495,1.923077,5.621,2,0,11.87574,4.796746,14.083,-435600,0.114846,17.868279
2026-07-26T04:32:08.901357+00:00,69,g069_0069_6585,hit_first_temporal_robustness,loto7-hit-first-2026.07.22-v1,14.342792,10.650885,8.869055,10.73706,48.892007,1.881657,4.142,0,0,11.573964,4.882249,11.933,-446500,0.072727,17.868279
2026-07-26T04:33:52.471362+00:00,70,g070_0070_5385,hit_first_temporal_robustness,loto7-hit-first-2026.07.22-v1,17.237475,12.04141,10.17858,12.245815,65.24704,2.100592,4.734,2,0,14.097633,3.87929,14.99,-431000,0.143421,17.868279
2026-07-26T04:34:25.944760+00:00,71,g071_0071_6841,hit_first_temporal_robustness,loto7-hit-first-2026.07.22-v1,11.91815,9.245555,7.916675,9.440817,36.800293,1.689349,2.663,0,0,9.810651,5.671598,11.499,-448700,0.09434,17.868279
2026-07-26T06:10:13.906449+00:00,72,g072_0723_8836,hit_first_temporal_robustness,loto7-hit-first-2026.07.22-v1,17.221842,11.4793,10.416675,11.239847,70.042162,2.029586,4.438,0,0,15.100592,3.707988,10.217,-455200,0.057915,17.868279
2026-07-26T06:13:07.458521+00:00,73,g073_0733_8131,hit_first_temporal_robustness,loto7-hit-first-2026.07.22-v1,12.172756,9.42308,7.916675,9.439075,38.10577,1.713018,2.663,1,0,10.08284,5.624556,12.761,-442300,0.177743,17.868279
2026-07-26T06:14:51.021908+00:00,74,g074_0074_7099,hit_first_temporal_robustness,loto7-hit-first-2026.07.22-v1,17.154927,11.908295,9.88096,12.159308,65.695264,2.068047,5.03,1,0,14.168639,3.852663,14.615,-432900,0.147099,17.868279
2026-07-26T06:15:01.501344+00:00,75,g075_0075_8779,hit_first_temporal_robustness,loto7-hit-first-2026.07.22-v1,16.595881,12.20414,10.714305,12.213225,57.302513,2.032544,6.213,3,0,11.997041,3.958284,16.312,-424300,0.113664,17.868279
2026-07-26T06:22:25.488093+00:00,76,g076_0076_9659,hit_first_temporal_robustness,loto7-hit-first-2026.07.22-v1,17.790096,12.2781,10.178585,12.33789,69.005922,2.08284,6.213,0,0,14.798817,3.705325,10.73,-452600,0.055147,17.868279
2026-07-26T06:39:21.501670+00:00,77,g077_0773_3962,hit_first_temporal_robustness,loto7-hit-first-2026.07.22-v1,14.344228,10.502955,8.9881,10.473045,50.163461,1.893491,3.254,1,0,11.813609,4.824556,11.42,-449100,0.160622,17.868279
2026-07-26T09:37:11.763793+00:00,78,g078_0078_8849,hit_first_temporal_robustness,loto7-hit-first-2026.07.22-v1,17.603218,12.36688,10.17859,12.747898,66.023667,2.08284,5.917,3,0,14.301775,3.871006,15.621,-427800,0.137626,17.868279
2026-07-26T10:13:49.045432+00:00,79,g079_0079_1532,hit_first_temporal_robustness,loto7-hit-first-2026.07.22-v1,17.396869,12.322495,10.059535,12.48039,64.687131,2.085799,5.917,2,0,14.011834,3.913905,14.556,-433200,0.120596,17.868279
2026-07-26T10:39:22.568592+00:00,80,g080_0080_8598,hit_first_temporal_robustness,loto7-hit-first-2026.07.22-v1,17.641441,11.893495,10.05953,12.278018,70.378699,2.076923,5.03,0,0,15.121302,3.672781,12.643,-442900,0.054602,17.868279
2026-07-26T10:44:10.085469+00:00,81,g081_0812_4049,hit_first_temporal_robustness,loto7-hit-first-2026.07.22-v1,15.024001,11.21302,8.869055,11.713945,50.596891,1.91716,5.03,2,0,11.872781,4.794379,15.661,-427600,0.130982,17.868279
2026-07-26T10:51:45.497785+00:00,82,g082_0082_5899,hit_first_temporal_robustness,loto7-hit-first-2026.07.22-v1,17.629007,12.307705,9.821435,12.987053,66.694524,2.106509,5.917,0,0,14.414201,3.834024,13.649,-437800,0.043353,17.868279
2026-07-26T10:52:46.678964+00:00,83,g083_0833_9224,hit_first_temporal_robustness,loto7-hit-first-2026.07.22-v1,15.031525,11.30176,9.10715,11.76471,49.799554,1.91716,5.325,2,0,11.724852,4.831657,15.503,-428400,0.104326,17.868279
2026-07-26T11:00:20.305950+00:00,84,g084_0084_9706,hit_first_temporal_robustness,loto7-hit-first-2026.07.22-v1,11.735309,8.9497,7.61905,9.17262,37.602809,1.66568,2.071,0,0,10.008876,5.657101,10.789,-452300,0.100548,17.868279
2026-07-26T11:51:55.278882+00:00,85,g085_0085_6000,hit_first_temporal_robustness,loto7-hit-first-2026.07.22-v1,17.238139,12.174555,10.41666,12.307075,64.057691,2.097633,5.621,0,0,13.946746,3.967456,12.209,-445100,0.06462,17.868279
2026-07-26T14:51:56.905579+00:00,86,g086_0086_9724,hit_first_temporal_robustness,loto7-hit-first-2026.07.22-v1,17.600736,12.33728,10.17858,12.71744,66.242606,2.08284,6.213,1,0,14.331361,3.855621,13.471,-438700,0.103953,17.868279
2026-07-26T15:15:03.716526+00:00,87,g087_0087_8630,hit_first_temporal_robustness,loto7-hit-first-2026.07.22-v1,12.19498,9.60059,7.9762,9.825622,36.573966,1.713018,3.254,1,0,9.846154,5.718343,14.043,-435800,0.161517,17.868279
2026-07-26T15:38:21.483759+00:00,88,g088_0088_8201,hit_first_temporal_robustness,loto7-hit-first-2026.07.22-v1,15.36001,11.227805,8.57143,11.777325,54.015529,1.914201,5.325,1,0,12.470414,4.617456,12.801,-442100,0.126348,17.868279
2026-07-26T16:01:34.064646+00:00,89,g089_0891_8684,hit_first_temporal_robustness,loto7-hit-first-2026.07.22-v1,17.118992,12.02664,10.05953,12.396002,64.080618,2.091716,5.03,1,0,13.934911,3.958876,14.576,-433100,0.163735,17.868279
2026-07-26T17:07:39.543898+00:00,90,g090_0090_6274,hit_first_temporal_robustness,loto7-hit-first-2026.07.22-v1,17.2611,12.204155,9.940485,12.77942,63.894228,2.085799,5.917,0,0,13.934911,3.983728,14.241,-434800,0.055402,17.868279
2026-07-26T20:05:56.576267+00:00,91,g091_0091_1442,hit_first_temporal_robustness,loto7-hit-first-2026.07.22-v1,14.585271,10.96154,9.2262,11.392867,48.069528,1.89645,4.734,1,0,11.420118,4.920118,15.661,-427600,0.144836,17.868279
2026-07-26T20:56:58.117199+00:00,92,g092_0922_5575,hit_first_temporal_robustness,loto7-hit-first-2026.07.22-v1,17.297268,12.248535,10.297625,12.705875,63.747785,2.094675,5.917,0,0,13.881657,3.978402,14.911,-431400,0.05291,17.868279
2026-07-26T20:57:58.690014+00:00,93,g093_0093_4830,hit_first_temporal_robustness,loto7-hit-first-2026.07.22-v1,17.070399,11.834305,10.89285,11.85295,64.926035,2.047337,5.325,0,0,13.91716,3.83787,12.544,-443400,0.062893,17.868279
2026-07-26T21:23:04.887121+00:00,94,g094_0094_5934,hit_first_temporal_robustness,loto7-hit-first-2026.07.22-v1,14.748465,10.63608,8.92858,10.94504,52.755173,1.908284,3.254,2,0,12.221893,4.669527,12.623,-443000,0.19375,17.868279
2026-07-26T21:30:32.488868+00:00,95,g095_0095_9048,hit_first_temporal_robustness,loto7-hit-first-2026.07.22-v1,17.793646,12.55916,9.821435,12.95694,66.616861,2.10355,6.805,0,0,14.440828,3.856805,13.609,-438000,0.047826,17.868279
2026-07-26T21:42:00.166802+00:00,96,g096_0962_4810,hit_first_temporal_robustness,loto7-hit-first-2026.07.22-v1,15.353584,11.2278,9.10715,11.38761,53.990388,1.93787,4.734,2,0,12.446746,4.609763,14.458,-433700,0.148704,17.868279
2026-07-26T21:53:24.175057+00:00,97,g097_0097_9581,hit_first_temporal_robustness,loto7-hit-first-2026.07.22-v1,15.007848,11.286985,9.166675,11.594185,49.823221,1.931953,5.03,2,0,11.736686,4.834024,14.753,-432200,0.165775,17.868279
2026-07-26T21:55:08.787128+00:00,98,g098_0098_9618,hit_first_temporal_robustness,loto7-hit-first-2026.07.22-v1,14.892374,11.09469,9.285725,11.323538,50.244083,1.91716,4.438,3,0,11.775148,4.795858,15.108,-430400,0.142298,17.868279
2026-07-26T22:20:22.737648+00:00,99,g099_0991_4533,hit_first_temporal_robustness,loto7-hit-first-2026.07.22-v1,17.030622,11.67161,9.642865,12.007008,66.482247,2.079882,3.846,2,0,14.43787,3.873373,12.485,-443700,0.112164,17.868279
2026-07-27T04:49:01.243227+00:00,100,g100_0100_3552,hit_first_temporal_robustness,loto7-hit-first-2026.07.22-v1,17.437803,12.41124,10.11906,13.088237,63.69822,2.073964,6.213,3,0,13.884615,3.986391,17.199,-419800,0.091743,17.868279
2026-07-27T04:49:19.672878+00:00,101,g101_0101_7508,hit_first_temporal_robustness,loto7-hit-first-2026.07.22-v1,16.721642,11.96747,10.29763,12.009095,60.795115,2.079882,5.03,1,0,12.884615,3.906805,13.984,-436100,0.119887,17.868279
2026-07-27T04:50:19.491401+00:00,102,g102_0102_9757,hit_first_temporal_robustness,loto7-hit-first-2026.07.22-v1,17.215688,12.115395,10.535705,12.454128,63.975594,2.085799,5.03,3,0,13.804734,3.91213,17.475,-418400,0.123025,17.868279
2026-07-27T04:57:43.980660+00:00,103,g103_0103_8744,hit_first_temporal_robustness,loto7-hit-first-2026.07.22-v1,17.355908,11.804745,10.654775,11.89076,68.133135,2.094675,4.438,0,0,14.677515,3.765089,11.341,-449500,0.069565,17.868279
2026-07-27T05:22:39.966054+00:00,104,g104_0104_2777,hit_first_temporal_robustness,loto7-hit-first-2026.07.22-v1,17.87675,12.307715,9.88096,12.7479,69.411243,2.094675,5.917,1,0,14.952663,3.723077,12.505,-443600,0.096215,17.87675
2026-07-27T05:39:44.272233+00:00,105,g105_0105_5226,hit_first_temporal_robustness,loto7-hit-first-2026.07.22-v1,17.136179,11.56804,10.41666,11.358207,68.422337,2.029586,4.734,0,0,14.772189,3.77071,11.538,-448500,0.052991,17.87675
2026-07-27T05:42:39.933260+00:00,106,g106_1063_5739,hit_first_temporal_robustness,loto7-hit-first-2026.07.22-v1,17.556848,12.20415,11.4881,12.36624,66.109464,2.06213,5.917,2,0,14.286982,3.852663,13.886,-436600,0.086648,17.87675
2026-07-27T05:54:01.633551+00:00,107,g107_0107_3869,hit_first_temporal_robustness,loto7-hit-first-2026.07.22-v1,14.652729,10.72485,8.80953,11.180675,50.988907,1.89645,4.142,0,0,11.964497,4.784911,12.032,-446000,0.068852,17.87675
2026-07-27T06:01:25.971122+00:00,108,g108_0108_7010,hit_first_temporal_robustness,loto7-hit-first-2026.07.22-v1,14.639719,10.828395,8.9881,11.239852,49.920119,1.893491,4.142,2,0,11.766272,4.834911,14.398,-434000,0.149315,17.87675
2026-07-27T06:52:07.454759+00:00,109,g109_1092_4945,hit_first_temporal_robustness,loto7-hit-first-2026.07.22-v1,12.121615,9.40828,7.619055,9.439415,37.935651,1.674556,3.254,1,0,10.071006,5.641716,12.544,-443400,0.180818,17.87675
2026-07-27T10:33:57.283169+00:00,110,g110_1104_4138,hit_first_temporal_robustness,loto7-hit-first-2026.07.22-v1,11.893946,9.260365,8.273815,9.290617,36.349111,1.710059,2.367,0,0,9.813609,5.733136,12.17,-445300,0.089141,17.87675
2026-07-27T10:44:48.410058+00:00,111,g111_1112_4487,hit_first_temporal_robustness,loto7-hit-first-2026.07.22-v1,17.592767,12.1006,10.714275,11.890763,68.383138,2.071006,5.621,1,0,14.733728,3.757988,12.564,-443300,0.095761,17.87675
2026-07-27T10:51:54.374818+00:00,112,g112_0112_2160,hit_first_temporal_robustness,loto7-hit-first-2026.07.22-v1,17.084646,11.582855,10.000005,11.655125,67.780325,2.085799,3.846,0,0,14.597633,3.774852,9.724,-457700,0.056795,17.87675
2026-07-27T10:56:22.941939+00:00,113,g113_0113_3107,hit_first_temporal_robustness,loto7-hit-first-2026.07.22-v1,17.679452,12.39644,10.178585,12.665267,66.678254,2.08284,6.213,2,0,14.408284,3.833432,16.312,-424300,0.131802,17.87675
2026-07-27T11:03:26.343978+00:00,114,g114_0114_5584,hit_first_temporal_robustness,loto7-hit-first-2026.07.22-v1,17.116257,11.878685,10.297635,12.157908,65.184175,2.056213,5.325,0,0,14.136095,3.905621,12.071,-445800,0.053922,17.87675
2026-07-27T11:04:23.276953+00:00,115,g115_0115_7687,hit_first_temporal_robustness,loto7-hit-first-2026.07.22-v1,17.026333,11.87871,10.833325,11.80078,64.284761,2.079882,4.438,2,1,13.810651,3.873669,88.304,-59300,0.844315,17.87675
2026-07-27T11:11:29.474258+00:00,116,g116_0116_5247,hit_first_temporal_robustness,loto7-hit-first-2026.07.22-v1,17.590958,12.08578,9.76191,12.45344,68.555468,2.073964,5.325,2,0,14.736686,3.736391,12.584,-443200,0.125392,17.87675
2026-07-27T11:27:49.223638+00:00,117,g117_0117_5121,hit_first_temporal_robustness,loto7-hit-first-2026.07.22-v1,17.287369,11.849125,9.88096,12.275558,67.294379,2.056213,5.03,1,0,14.544379,3.814793,11.953,-446400,0.117162,17.87675
2026-07-27T11:28:06.871284+00:00,118,g118_1183_5325,hit_first_temporal_robustness,loto7-hit-first-2026.07.22-v1,16.892537,12.218945,10.892875,11.9818,60.300297,2.094675,5.621,1,0,12.840237,3.952071,13.945,-436300,0.120226,17.87675
2026-07-27T12:35:42.586985+00:00,119,g119_1192_2392,hit_first_temporal_robustness,loto7-hit-first-2026.07.22-v1,15.006634,11.46452,9.404775,11.80182,48.1287,1.926036,5.917,1,0,11.405325,4.905325,16.607,-422800,0.084323,17.87675
2026-07-27T12:42:49.413837+00:00,120,g120_1201_2482,hit_first_temporal_robustness,loto7-hit-first-2026.07.22-v1,15.242515,11.508885,9.2262,12.161407,49.88831,1.923077,5.917,2,0,11.760355,4.836391,16.726,-422200,0.096698,17.87675
2026-07-27T12:59:14.235498+00:00,121,g121_1212_7214,hit_first_temporal_robustness,loto7-hit-first-2026.07.22-v1,17.514492,11.84912,10.17858,12.218138,69.396448,2.10355,4.438,0,0,14.931953,3.715385,11.499,-448700,0.068611,17.87675
2026-07-27T16:16:55.507150+00:00,122,g122_0122_3181,hit_first_temporal_robustness,loto7-hit-first-2026.07.22-v1,17.33749,12.15976,10.000005,12.59979,65.136831,2.100592,5.325,1,0,14.085799,3.888462,13.274,-439700,0.089153,17.87675
2026-07-27T17:27:34.483357+00:00,123,g123_0123_8825,hit_first_temporal_robustness,loto7-hit-first-2026.07.22-v1,17.433038,12.204135,10.23811,12.390413,65.842454,2.109467,5.325,1,0,14.272189,3.881361,12.998,-441100,0.075873,17.87675
2026-07-27T18:18:35.123947+00:00,124,g124_0124_7026,hit_first_temporal_robustness,loto7-hit-first-2026.07.22-v1,15.199838,11.06509,8.9881,11.505958,53.545122,1.91716,4.734,1,0,12.35503,4.626331,12.84,-441900,0.12596,17.87675
2026-07-27T18:19:36.025110+00:00,125,g125_0125_3787,hit_first_temporal_robustness,loto7-hit-first-2026.07.22-v1,17.278464,12.11537,10.238105,12.5126,64.771445,2.079882,5.325,2,0,13.905325,3.852959,14.379,-434100,0.116598,17.87675
2026-07-27T18:24:21.928386+00:00,126,g126_1263_1332,hit_first_temporal_robustness,loto7-hit-first-2026.07.22-v1,15.302549,11.12426,9.166675,11.480397,54.045858,1.928994,4.734,1,0,12.411243,4.585799,12.465,-443800,0.147152,17.87675
2026-07-27T18:35:51.280274+00:00,127,g127_0127_2852,hit_first_temporal_robustness,loto7-hit-first-2026.07.22-v1,17.194955,11.656795,9.821435,11.887957,68.229289,2.047337,4.734,0,0,14.727811,3.77574,11.4,-449200,0.076125,17.87675
2026-07-27T21:35:12.457235+00:00,128,g128_0128_4929,hit_first_temporal_robustness,loto7-hit-first-2026.07.22-v1,17.68557,12.52958,10.297625,12.806368,65.542896,2.121302,5.621,4,0,14.210059,3.892308,16.45,-423600,0.130695,17.87675
2026-07-27T22:08:47.984952+00:00,129,g129_1291_2474,hit_first_temporal_robustness,loto7-hit-first-2026.07.22-v1,12.318194,9.689345,8.035725,10.08788,36.822486,1.730769,3.254,1,0,9.872781,5.697633,13.373,-439200,0.169617,17.87675
2026-07-27T22:10:23.173967+00:00,130,g130_0130_1282,hit_first_temporal_robustness,loto7-hit-first-2026.07.22-v1,11.812863,9.127215,7.67857,9.29167,36.945265,1.701183,2.071,0,0,9.89645,5.692308,10.375,-454400,0.104563,17.87675
2026-07-27T22:11:58.357621+00:00,131,g131_0131_8821,hit_first_temporal_robustness,loto7-hit-first-2026.07.22-v1,11.902685,9.260355,8.095245,9.205182,36.681954,1.680473,2.663,1,0,9.849112,5.705325,11.854,-446900,0.191348,17.87675
2026-07-27T22:12:53.794772+00:00,132,g132_0132_7777,hit_first_temporal_robustness,loto7-hit-first-2026.07.22-v1,17.450356,12.41125,10.238105,12.508762,64.423816,2.10355,5.917,2,0,13.831361,3.864793,14.536,-433300,0.132972,17.87675
2026-07-27T22:28:44.065723+00:00,133,g133_1331_7307,hit_first_temporal_robustness,loto7-hit-first-2026.07.22-v1,17.573325,11.96744,10.357155,12.094553,69.161983,2.073964,5.325,0,0,14.884615,3.724556,10.335,-454600,0.062977,17.87675
2026-07-27T22:29:15.102373+00:00,134,g134_0134_8711,hit_first_temporal_robustness,loto7-hit-first-2026.07.22-v1,14.16203,10.34025,9.047625,10.26541,49.681954,1.878698,2.959,1,0,11.627219,4.801775,11.874,-446800,0.154485,17.87675
2026-07-27T22:36:07.192688+00:00,135,g135_0135_9748,hit_first_temporal_robustness,loto7-hit-first-2026.07.22-v1,17.027559,11.76037,10.654775,12.012602,65.014053,2.073964,4.438,1,0,14.159763,3.939349,12.327,-444500,0.096,17.87675
2026-07-27T22:46:38.911926+00:00,136,g136_0136_3691,hit_first_temporal_robustness,loto7-hit-first-2026.07.22-v1,17.769833,12.485225,11.13095,12.66071,66.204144,2.094675,6.509,1,0,14.360947,3.874556,13.767,-437200,0.103152,17.87675
2026-07-27T22:47:09.778322+00:00,137,g137_0137_8640,hit_first_temporal_robustness,loto7-hit-first-2026.07.22-v1,14.79044,11.035515,9.52382,11.24055,49.548077,1.905325,4.438,3,0,11.621302,4.816864,15.957,-426100,0.100124,17.87675
2026-07-27T22:47:40.792617+00:00,138,g138_1384_6305,hit_first_temporal_robustness,loto7-hit-first-2026.07.22-v1,14.585317,10.85798,8.92858,10.971655,49.53846,1.899408,4.142,2,0,11.615385,4.815385,12.998,-441100,0.124431,17.87675
2026-07-27T22:54:35.316408+00:00,139,g139_1392_3635,hit_first_temporal_robustness,loto7-hit-first-2026.07.22-v1,17.88936,12.24852,11.428565,12.15546,69.424555,2.112426,5.621,0,0,14.890533,3.692308,11.124,-450600,0.058511,17.88936
2026-07-27T22:55:06.510313+00:00,140,g140_1404_1189,hit_first_temporal_robustness,loto7-hit-first-2026.07.22-v1,17.652787,12.7219,10.41668,13.28152,63.203404,2.08284,7.101,3,0,13.511834,3.878402,18.442,-413500,0.119786,17.88936
2026-07-27T23:10:58.806775+00:00,141,g141_0141_7975,hit_first_temporal_robustness,loto7-hit-first-2026.07.22-v1,15.120039,10.961555,8.809525,11.030815,54.184911,1.914201,4.438,1,0,12.476331,4.597633,12.189,-445200,0.150485,17.88936
2026-07-27T23:13:39.850610+00:00,142,g142_0142_3743,hit_first_temporal_robustness,loto7-hit-first-2026.07.22-v1,17.759888,12.3225,11.488095,12.186283,67.527365,2.06213,6.509,1,0,14.464497,3.74645,12.959,-441300,0.074581,17.88936
2026-07-27T23:29:25.571282+00:00,143,g143_1433_2682,hit_first_temporal_robustness,loto7-hit-first-2026.07.22-v1,15.08725,11.27218,9.7024,11.5,50.405322,1.899408,5.325,3,0,11.849112,4.808876,15.266,-429600,0.109819,17.88936
2026-07-27T23:39:56.118375+00:00,144,g144_0144_1237,hit_first_temporal_robustness,loto7-hit-first-2026.07.22-v1,14.458378,10.665705,8.80953,11.063025,49.60059,1.890533,3.846,1,0,11.713018,4.852663,12.525,-443500,0.124409,17.88936
2026-07-27T23:55:49.117935+00:00,145,g145_0145_4389,hit_first_temporal_robustness,loto7-hit-first-2026.07.22-v1,17.946891,12.411235,10.17858,12.633065,69.287719,2.109467,6.213,0,0,14.887574,3.709172,11.657,-447900,0.050761,17.946891
2026-07-28T04:03:41.774113+00:00,146,g146_0146_5114,hit_first_temporal_robustness,loto7-hit-first-2026.07.22-v1,17.195696,11.701175,9.76191,12.147073,67.66272,2.056213,4.734,0,0,14.642012,3.811243,11.42,-449100,0.079447,17.946891
2026-07-28T04:08:21.861244+00:00,147,g147_0147_5012,hit_first_temporal_robustness,loto7-hit-first-2026.07.22-v1,14.549074,10.85798,9.047625,11.18383,48.826183,1.899408,4.142,2,0,11.56213,4.885503,14.26,-434700,0.143845,17.946891
2026-07-28T04:33:07.938036+00:00,148,g148_1482_4741,hit_first_temporal_robustness,loto7-hit-first-2026.07.22-v1,17.196616,11.908295,10.000015,12.099442,66.088755,2.068047,5.03,1,0,14.316568,3.869231,12.564,-443300,0.11146,17.946891
2026-07-28T04:36:00.393844+00:00,149,g149_1494_1660,hit_first_temporal_robustness,loto7-hit-first-2026.07.22-v1,17.282068,12.085795,9.642865,12.751407,65.204138,2.097633,4.734,3,0,14.153846,3.911243,15.247,-429700,0.141009,17.946891
2026-07-28T05:11:47.401643+00:00,150,g150_0150_4822,hit_first_temporal_robustness,loto7-hit-first-2026.07.22-v1,17.265788,11.553265,9.88096,11.7444,69.786982,2.044379,4.438,0,0,15.038462,3.713018,11.479,-448800,0.065292,17.946891
2026-07-28T05:47:32.292165+00:00,151,g151_0151_7744,hit_first_temporal_robustness,loto7-hit-first-2026.07.22-v1,17.263143,11.8787,9.70238,12.274152,66.989642,2.073964,5.03,0,0,14.52071,3.844379,11.479,-448800,0.056701,17.946891
2026-07-28T05:54:54.512229+00:00,152,g152_0152_8581,hit_first_temporal_robustness,loto7-hit-first-2026.07.22-v1,17.407789,12.10059,10.35715,12.482147,66.109467,2.12426,4.734,1,0,14.340237,3.877515,14.201,-435000,0.111111,17.946891
2026-07-28T05:59:35.438718+00:00,153,g153_1532_2535,hit_first_temporal_robustness,loto7-hit-first-2026.07.22-v1,14.932527,10.90236,9.52382,11.264715,51.872039,1.908284,4.142,2,0,12.088757,4.725148,13.708,-437500,0.133813,17.946891
2026-07-28T06:35:14.861615+00:00,154,g154_0154_8324,hit_first_temporal_robustness,loto7-hit-first-2026.07.22-v1,17.476247,12.23372,10.297635,12.453778,65.943787,2.073964,6.213,0,0,14.319527,3.889941,12.801,-442100,0.064715,17.946891
2026-07-28T10:07:23.897508+00:00,155,g155_0155_1736,hit_first_temporal_robustness,loto7-hit-first-2026.07.22-v1,14.696487,10.90236,9.58335,11.094193,49.668641,1.908284,4.142,2,0,11.689349,4.832544,13.393,-439100,0.16053,17.946891
2026-07-28T10:19:59.495212+00:00,156,g156_0156_2445,hit_first_temporal_robustness,loto7-hit-first-2026.07.22-v1,17.491388,12.159775,10.35715,12.542018,66.459318,2.118343,5.03,1,0,14.431953,3.873669,13.511,-438500,0.116788,17.946891
2026-07-28T10:32:31.282591+00:00,157,g157_0157_1696,hit_first_temporal_robustness,loto7-hit-first-2026.07.22-v1,17.324381,12.026625,10.119055,12.453087,66.01849,2.109467,4.734,1,0,14.295858,3.868935,11.558,-448400,0.12116,17.946891
2026-07-28T10:35:39.681097+00:00,158,g158_1584_8180,hit_first_temporal_robustness,loto7-hit-first-2026.07.22-v1,17.391831,12.04142,10.23811,12.15546,66.851332,2.071006,5.621,0,0,14.381657,3.797929,11.795,-447200,0.070234,17.946891
2026-07-28T11:50:54.595460+00:00,159,g159_1591_5339,hit_first_temporal_robustness,loto7-hit-first-2026.07.22-v1,14.783249,11.035505,8.92858,11.244052,49.948226,1.911243,4.734,1,0,11.751479,4.82426,12.959,-441300,0.141553,17.946891
2026-07-28T12:30:06.013443+00:00,160,g160_1603_2956,hit_first_temporal_robustness,loto7-hit-first-2026.07.22-v1,14.871597,10.562125,9.166675,10.737402,54.562871,1.905325,3.254,1,0,12.544379,4.578994,11.203,-450200,0.163732,17.946891
2026-07-28T15:43:02.196453+00:00,161,g161_0161_6216,hit_first_temporal_robustness,loto7-hit-first-2026.07.22-v1,14.436544,10.502945,9.64287,10.470585,50.565827,1.881657,3.254,2,0,11.85503,4.790237,12.268,-444800,0.175241,17.946891
2026-07-28T16:00:00.778980+00:00,162,g162_1621_1715,hit_first_temporal_robustness,loto7-hit-first-2026.07.22-v1,17.811411,12.233735,9.82143,12.776965,69.288466,2.097633,5.621,1,0,14.911243,3.720118,12.821,-442000,0.135385,17.946891
2026-07-28T16:01:00.601730+00:00,163,g163_0163_6054,hit_first_temporal_robustness,loto7-hit-first-2026.07.22-v1,17.448,12.366855,10.35715,12.899875,64.146449,2.118343,5.325,3,0,13.813609,3.893491,15.819,-426800,0.13591,17.946891
2026-07-28T16:25:47.129423+00:00,164,g164_1644_2332,hit_first_temporal_robustness,loto7-hit-first-2026.07.22-v1,17.669259,12.58876,10.53573,12.926475,64.630917,2.10355,6.509,2,0,14.068047,3.947633,16.568,-423000,0.129762,17.946891
2026-07-28T16:25:57.444471+00:00,165,g165_0165_6086,hit_first_temporal_robustness,loto7-hit-first-2026.07.22-v1,14.533392,10.828395,9.10715,11.330887,48.652366,1.893491,4.142,2,0,11.316568,4.794083,13.353,-439300,0.121123,17.946891
2026-07-28T16:33:20.620044+00:00,166,g166_1662_7234,hit_first_temporal_robustness,loto7-hit-first-2026.07.22-v1,17.842794,12.514795,9.940485,13.222342,67.005174,2.118343,6.213,1,0,14.485207,3.82574,13.807,-437000,0.085714,17.946891
2026-07-28T16:58:08.360318+00:00,167,g167_0167_5328,hit_first_temporal_robustness,loto7-hit-first-2026.07.22-v1,15.088169,11.316575,8.92858,11.89462,50.24926,1.914201,5.621,1,0,11.843195,4.826923,13.945,-436300,0.131542,17.946891
2026-07-28T17:05:31.590856+00:00,168,g168_0168_9009,hit_first_temporal_robustness,loto7-hit-first-2026.07.22-v1,11.897881,9.275165,8.095245,9.052867,36.71302,1.701183,2.367,1,0,9.884615,5.717751,13.333,-439400,0.170118,17.946891
2026-07-28T17:08:25.170735+00:00,169,g169_0169_3439,hit_first_temporal_robustness,loto7-hit-first-2026.07.22-v1,17.395364,12.130185,9.76191,12.658262,66.042903,2.076923,5.621,1,0,14.269231,3.853254,14.162,-435200,0.151811,17.946891
2026-07-28T17:58:46.200327+00:00,170,g170_1703_7451,hit_first_temporal_robustness,loto7-hit-first-2026.07.22-v1,17.969382,12.38165,9.583335,13.074938,69.665678,2.10355,6.213,0,0,15.008876,3.715385,13.373,-439200,0.058997,17.969382
2026-07-28T23:07:16.498000+00:00,171,g171_0171_9462,hit_first_temporal_robustness,loto7-hit-first-2026.07.22-v1,17.28374,11.93787,10.000015,12.305322,66.505914,2.050296,5.621,0,0,14.387574,3.846746,12.091,-445700,0.058728,17.969382
2026-07-28T23:07:26.887383+00:00,172,g172_0172_6537,hit_first_temporal_robustness,loto7-hit-first-2026.07.22-v1,14.654692,11.109465,9.047625,11.566535,47.662726,1.902367,4.734,3,0,11.192308,4.868047,15.602,-427900,0.117573,17.969382
2026-07-28T23:57:55.587410+00:00,173,g173_1731_8869,hit_first_temporal_robustness,loto7-hit-first-2026.07.22-v1,17.735486,12.322495,9.52381,12.722342,68.211535,2.115385,5.621,1,0,14.781065,3.802959,13.215,-440000,0.167164,17.969382
2026-07-29T03:51:18.146404+00:00,174,g174_0174_2659,hit_first_temporal_robustness,loto7-hit-first-2026.07.22-v1,14.692199,10.887575,8.92858,10.616597,50.826182,1.881657,4.734,1,0,11.905325,4.778994,13.176,-440200,0.155689,17.969382
2026-07-29T03:53:01.793586+00:00,175,g175_0175_6272,hit_first_temporal_robustness,loto7-hit-first-2026.07.22-v1,17.028504,11.760345,10.357155,11.798673,65.518492,2.068047,4.734,0,0,14.121302,3.854142,11.755,-447400,0.055369,17.969382
2026-07-29T03:54:45.269026+00:00,176,g176_1764_5313,hit_first_temporal_robustness,loto7-hit-first-2026.07.22-v1,14.923605,10.857995,9.702395,10.85365,52.443787,1.911243,4.142,1,0,12.100592,4.654438,11.775,-447300,0.155779,17.969382
2026-07-29T04:06:05.281704+00:00,177,g177_0177_7485,hit_first_temporal_robustness,loto7-hit-first-2026.07.22-v1,17.807707,12.24854,10.2381,12.56933,69.063612,2.08284,5.917,1,0,14.860947,3.726627,12.446,-443900,0.096672,17.969382
2026-07-29T04:13:28.887819+00:00,178,g178_1783_2945,hit_first_temporal_robustness,loto7-hit-first-2026.07.22-v1,17.461866,12.01182,10.17858,12.070023,67.909027,2.08284,5.325,0,0,14.642012,3.778402,10.809,-452200,0.051095,17.969382
2026-07-29T04:49:17.021524+00:00,179,g179_0179_4076,hit_first_temporal_robustness,loto7-hit-first-2026.07.22-v1,17.851933,12.337275,10.05953,12.956592,68.562866,2.094675,6.213,0,0,14.813609,3.771302,12.899,-441600,0.058104,17.969382
2026-07-29T04:52:11.098432+00:00,180,g180_0180_2328,hit_first_temporal_robustness,loto7-hit-first-2026.07.22-v1,17.827739,12.721895,10.714275,13.22514,64.782541,2.094675,7.101,2,0,14.091716,3.938462,16.529,-423200,0.108592,17.969382
2026-07-29T05:17:04.873822+00:00,181,g181_0181_4263,hit_first_temporal_robustness,loto7-hit-first-2026.07.22-v1,17.440941,12.05621,9.88096,12.5119,67.096894,2.079882,5.325,1,0,14.553254,3.845266,14.28,-434600,0.150552,17.969382
2026-07-29T05:28:31.057443+00:00,182,g182_0182_4476,hit_first_temporal_robustness,loto7-hit-first-2026.07.22-v1,17.433401,12.174555,10.05953,12.392878,66.193043,2.109467,5.03,2,0,14.378698,3.88432,14.458,-433700,0.160982,17.969382
2026-07-29T05:30:14.734670+00:00,183,g183_1832_3622,hit_first_temporal_robustness,loto7-hit-first-2026.07.22-v1,11.757846,9.12721,7.797625,9.378858,36.195264,1.66568,2.663,0,0,9.798817,5.746746,9.586,-458400,0.102881,17.969382
2026-07-29T05:41:40.675595+00:00,184,g184_1844_4759,hit_first_temporal_robustness,loto7-hit-first-2026.07.22-v1,14.979217,11.272185,9.166675,11.686623,49.529589,1.923077,5.325,1,0,11.686391,4.849704,14.832,-431800,0.144947,17.969382
2026-07-29T05:42:40.400019+00:00,185,g185_1854_2897,hit_first_temporal_robustness,loto7-hit-first-2026.07.22-v1,11.888083,9.12724,7.440475,9.38059,37.781061,1.671598,2.367,1,0,9.970414,5.615385,11.578,-448300,0.195911,17.969382
2026-07-29T05:43:13.894038+00:00,186,g186_0186_4803,hit_first_temporal_robustness,loto7-hit-first-2026.07.22-v1,14.815244,11.065085,9.107155,11.596297,49.495563,1.893491,4.734,3,0,11.618343,4.822485,16.509,-423300,0.123059,17.969382
2026-07-29T06:53:57.052093+00:00,187,g187_1873_1067,hit_first_temporal_robustness,loto7-hit-first-2026.07.22-v1,15.12902,10.8432,9.76191,10.675435,54.767751,1.908284,4.142,1,0,12.585799,4.571006,13.018,-441000,0.157576,17.969382
2026-07-29T09:49:20.408042+00:00,188,g188_0188_6291,hit_first_temporal_robustness,loto7-hit-first-2026.07.22-v1,17.685921,12.278115,10.23811,12.721295,67.456362,2.065089,6.509,0,0,14.526627,3.784911,13.452,-438800,0.061584,17.969382
2026-07-29T09:56:12.479120+00:00,189,g189_0189_2550,hit_first_temporal_robustness,loto7-hit-first-2026.07.22-v1,17.254855,11.58285,10.714295,11.41702,69.196742,2.06213,3.846,2,0,14.869822,3.713018,11.716,-447600,0.148148,17.969382
2026-07-29T10:06:44.399895+00:00,190,g190_0190_4332,hit_first_temporal_robustness,loto7-hit-first-2026.07.22-v1,17.437514,11.937875,10.7143,11.80322,68.074707,2.085799,5.03,0,0,14.689349,3.778402,10.907,-451700,0.05425,17.969382
2026-07-29T10:11:06.062144+00:00,191,g191_0191_6984,hit_first_temporal_robustness,loto7-hit-first-2026.07.22-v1,14.858178,10.99113,9.2262,11.411777,50.568782,1.908284,4.438,2,0,11.869822,4.796746,13.037,-440900,0.164902,17.969382
2026-07-29T10:44:39.721307+00:00,192,g192_0192_5823,hit_first_temporal_robustness,loto7-hit-first-2026.07.22-v1,18.116679,12.500005,10.59525,13.045872,69.535504,2.109467,6.509,0,0,14.988166,3.723077,12.742,-442400,0.06192,18.116679
2026-07-29T10:51:33.226540+00:00,193,g193_1934_1360,hit_first_temporal_robustness,loto7-hit-first-2026.07.22-v1,12.388122,9.482235,8.03572,9.645653,39.502216,1.701183,3.254,0,0,10.284024,5.532249,10.572,-453400,0.102612,18.116679
2026-07-29T11:07:28.338477+00:00,194,g194_1944_6127,hit_first_temporal_robustness,loto7-hit-first-2026.07.22-v1,14.927501,10.73966,9.821435,10.734595,53.35873,1.91716,3.846,0,0,12.363905,4.655325,12.919,-441500,0.073282,18.116679
2026-07-29T11:08:24.112603+00:00,195,g195_1951_6714,hit_first_temporal_robustness,loto7-hit-first-2026.07.22-v1,17.484139,12.381635,10.9524,12.539225,64.36095,2.109467,5.325,4,0,13.860947,3.886982,16.903,-421300,0.127188,18.116679
2026-07-29T11:41:56.372746+00:00,196,g196_0196_9737,hit_first_temporal_robustness,loto7-hit-first-2026.07.22-v1,15.636129,11.49409,9.10715,11.955195,54.270709,1.949704,5.621,1,0,12.532544,4.612426,13.688,-437600,0.134006,18.116679
2026-07-29T11:42:06.093166+00:00,197,g197_0197_9851,hit_first_temporal_robustness,loto7-hit-first-2026.07.22-v1,16.296802,11.863915,9.88096,12.365897,57.176773,2.035503,5.03,3,0,11.994083,3.973669,16.568,-423000,0.129762,18.116679
2026-07-29T12:29:27.276283+00:00,198,g198_1982_1066,hit_first_temporal_robustness,loto7-hit-first-2026.07.22-v1,17.3218,12.071005,10.11906,12.294115,65.872783,2.094675,4.734,3,0,14.310651,3.895266,14.576,-433100,0.147497,18.116679
2026-07-29T15:40:58.517875+00:00,199,g199_0199_3708,hit_first_temporal_robustness,loto7-hit-first-2026.07.22-v1,16.824753,11.775155,10.41668,11.73811,63.402372,2.065089,4.438,2,0,13.523669,3.857396,14.615,-432900,0.122807,18.116679
2026-07-29T15:48:22.536841+00:00,200,g200_0200_4480,hit_first_temporal_robustness,loto7-hit-first-2026.07.22-v1,16.987531,11.62723,10.000015,11.801832,66.32249,2.059172,4.438,0,0,14.37574,3.86568,10.414,-454200,0.075758,18.116679
2026-07-29T17:24:04.437823+00:00,201,g201_2011_5164,hit_first_temporal_robustness,loto7-hit-first-2026.07.22-v1,17.350815,11.68638,9.821435,11.89426,69.573229,2.053254,4.734,0,0,15.023669,3.734615,11.933,-446500,0.069421,18.116679
2026-07-29T18:14:21.165885+00:00,202,g202_0202_9614,hit_first_temporal_robustness,loto7-hit-first-2026.07.22-v1,14.908135,10.680485,8.690475,11.122565,54.018493,1.911243,3.55,1,0,12.476331,4.619822,12.722,-442500,0.16124,18.116679
2026-07-29T21:36:47.632900+00:00,203,g203_0203_1464,hit_first_temporal_robustness,loto7-hit-first-2026.07.22-v1,17.216512,11.74558,10.476205,11.831245,67.3676,2.071006,4.438,1,0,14.56213,3.813314,12.268,-444800,0.114148,18.116679
2026-07-29T21:53:48.820120+00:00,204,g204_0204_8199,hit_first_temporal_robustness,loto7-hit-first-2026.07.22-v1,17.445904,12.02663,10.000005,12.48249,67.293641,2.10355,5.03,0,0,14.565089,3.824556,11.321,-449600,0.054007,18.116679
2026-07-29T22:18:42.419349+00:00,205,g205_0205_9764,hit_first_temporal_robustness,loto7-hit-first-2026.07.22-v1,11.867854,9.1864,7.9762,9.291317,36.843197,1.695266,2.367,0,0,9.89645,5.705917,9.606,-458300,0.112936,18.116679
2026-07-29T22:23:24.844950+00:00,206,g206_2063_5349,hit_first_temporal_robustness,loto7-hit-first-2026.07.22-v1,17.824767,12.3225,11.60715,12.039212,68.257395,2.06213,6.509,1,0,14.642012,3.731953,12.327,-444500,0.1568,18.116679
2026-07-29T22:34:48.117725+00:00,207,g207_0207_4584,hit_first_temporal_robustness,loto7-hit-first-2026.07.22-v1,15.033807,11.198225,9.10715,11.794123,50.511831,1.914201,5.03,2,0,11.857988,4.798817,15.187,-430000,0.141558,18.116679
2026-07-29T22:35:47.664356+00:00,208,g208_0208_7235,hit_first_temporal_robustness,loto7-hit-first-2026.07.22-v1,14.94657,11.22782,8.750005,11.656523,49.883131,1.89645,5.621,1,0,11.736686,4.826036,13.886,-436600,0.098011,18.116679
2026-07-29T22:40:28.664356+00:00,209,g209_2092_8430,hit_first_temporal_robustness,loto7-hit-first-2026.07.22-v1,12.227308,9.64498,7.9762,9.907577,36.488168,1.704142,3.55,1,0,9.852071,5.732544,15.602,-427900,0.221239,18.116679
2026-07-29T22:47:53.566195+00:00,210,g210_0210_2511,hit_first_temporal_robustness,loto7-hit-first-2026.07.22-v1,14.925687,10.843205,9.166675,11.360647,52.388318,1.914201,3.846,2,0,12.171598,4.69497,14.201,-435000,0.151389,18.116679
2026-07-29T22:52:35.754589+00:00,211,g211_0211_6321,hit_first_temporal_robustness,loto7-hit-first-2026.07.22-v1,14.584414,10.798825,8.9881,11.240548,49.573227,1.905325,3.846,2,0,11.689349,4.845266,14.103,-435500,0.152448,18.116679
2026-07-29T23:09:32.175662+00:00,212,g212_0212_3548,hit_first_temporal_robustness,loto7-hit-first-2026.07.22-v1,17.902543,12.57398,10.29763,12.691887,67.539203,2.12426,5.917,3,0,14.612426,3.813905,15.68,-427500,0.137107,18.116679
2026-07-29T23:34:20.151769+00:00,213,g213_0213_7657,hit_first_temporal_robustness,loto7-hit-first-2026.07.22-v1,17.507098,12.233735,10.47621,12.42963,66.138311,2.068047,5.917,2,0,14.357988,3.881953,15.069,-430600,0.129581,18.116679
2026-07-29T23:59:07.843071+00:00,214,g214_2142_9560,hit_first_temporal_robustness,loto7-hit-first-2026.07.22-v1,18.005703,12.2929,10.41666,12.363437,70.837277,2.073964,6.213,1,0,15.168639,3.633728,12.544,-443400,0.110063,18.116679
2026-07-30T03:46:11.369742+00:00,215,g215_0215_7798,hit_first_temporal_robustness,loto7-hit-first-2026.07.22-v1,14.744748,10.665685,8.92858,11.212892,52.189352,1.872781,4.142,1,0,12.142012,4.707692,10.828,-452100,0.149362,18.116679
2026-07-30T04:03:05.571374+00:00,216,g216_2162_3020,hit_first_temporal_robustness,loto7-hit-first-2026.07.22-v1,17.643094,12.42604,10.29763,12.74511,65.916422,2.112426,5.621,3,0,14.322485,3.89497,16.627,-422700,0.1293,18.116679
2026-07-30T04:28:03.211427+00:00,217,g217_0217_9373,hit_first_temporal_robustness,loto7-hit-first-2026.07.22-v1,17.924112,12.322505,10.83335,12.720942,69.051775,2.097633,5.917,1,0,14.881657,3.73787,11.657,-447900,0.121827,18.116679
2026-07-30T04:32:44.810545+00:00,218,g218_0218_6101,hit_first_temporal_robustness,loto7-hit-first-2026.07.22-v1,15.000064,10.99113,9.10715,11.27066,52.25222,1.908284,4.438,2,0,12.156805,4.706213,14.951,-431200,0.108179,18.116679
2026-07-30T04:57:37.154542+00:00,219,g219_2193_5113,hit_first_temporal_robustness,loto7-hit-first-2026.07.22-v1,17.653877,12.35208,10.178585,12.54202,66.880915,2.091716,5.917,2,0,14.485207,3.842308,15.917,-426300,0.135068,18.116679
2026-07-30T05:33:14.785780+00:00,220,g220_0220_6769,hit_first_temporal_robustness,loto7-hit-first-2026.07.22-v1,17.709946,12.115395,10.119055,12.631653,69.038463,2.109467,5.03,1,0,14.890533,3.743787,12.249,-444900,0.128824,18.116679
2026-07-30T05:33:32.963332+00:00,221,g221_2212_2906,hit_first_temporal_robustness,loto7-hit-first-2026.07.22-v1,12.050892,9.42309,7.9762,9.731803,36.488168,1.695266,2.959,1,0,9.781065,5.699408,15.404,-428900,0.224072,18.116679
2026-07-30T05:40:55.992654+00:00,222,g222_0222_6515,hit_first_temporal_robustness,loto7-hit-first-2026.07.22-v1,17.553112,12.04142,9.76191,12.335793,68.628701,2.08284,5.03,2,0,14.763314,3.739053,14.142,-435300,0.136681,18.116679
2026-07-30T05:48:17.965009+00:00,223,g223_0223_8451,hit_first_temporal_robustness,loto7-hit-first-2026.07.22-v1,17.462108,12.085805,9.76191,12.57283,67.123521,2.068047,5.621,1,0,14.508876,3.821006,12.584,-443200,0.111285,18.116679
2026-07-30T06:13:07.584231+00:00,224,g224_2241_1119,hit_first_temporal_robustness,loto7-hit-first-2026.07.22-v1,18.149101,12.633145,10.41668,12.983902,69.14497,2.088757,7.101,1,0,14.91716,3.742012,14.911,-431400,0.14418,18.149101
